zone_id,timestamp,water_supplied_litres,water_consumed_litres,flowrate_lps,pressure_psi,leak
Devendra Nagar Zone,1/1/2024 0:00,23254.56554,21687.67677,77.51521848,3.69481448,0
Devendra Nagar Zone,1/1/2024 0:05,53977.92656,50817.10579,179.9264219,2.587125418,0
Telibandha Zone,1/1/2024 0:10,63039.24691,60021.12924,210.130823,2.448964723,1
Tatibandh Zone,1/1/2024 0:15,42533.38026,39143.80074,141.7779342,2.93684371,0
Amanaka Zone,1/1/2024 0:20,59245.38986,54001.6797,197.4846329,3.073692987,0
Tatibandh Zone,1/1/2024 0:25,57699.84918,55457.08864,192.3328306,2.597577389,0
Mowa Zone,1/1/2024 0:30,25846.14597,22033.52992,86.1538199,2.846340738,0
Amanaka Zone,1/1/2024 0:35,26645.09917,24771.80196,88.81699724,3.863980603,0
,1/1/2024 0:40,16409.09816,14574.59063,54.69699387,3.351550492,0
Shankar Nagar Zone,1/1/2024 0:45,56484.34058,54575.87686,188.2811353,3.396849968,0
Mahadev Ghat Zone,1/1/2024 0:50,48629.40496,41928.81273,162.0980165,3.766800773,0
Tatibandh Zone,1/1/2024 0:55,22437.01226,19877.2929,74.79004086,2.944410259,0
Mahadev Ghat Zone,1/1/2024 1:00,51695.76428,49517.21145,172.3192143,2.508283176,0
Mowa Zone,1/1/2024 1:05,44298.46615,39179.98354,147.6615538,3.889451318,0
Pandri Zone,1/1/2024 1:10,28994.20448,28218.12463,96.64734826,2.595337525,0
Amanaka Zone,1/1/2024 1:15,20381.74107,19579.53676,67.93913689,3.208322388,0
Devendra Nagar Zone,1/1/2024 1:20,46979.83004,43348.72537,156.5994335,2.560650384,0
Devendra Nagar Zone,1/1/2024 1:25,40347.40074,39727.28902,134.4913358,3.213055335,0
Shankar Nagar Zone,1/1/2024 1:30,41948.94599,39177.83047,139.82982,3.914280356,0
Tatibandh Zone,1/1/2024 1:35,35544.05567,30494.52487,118.4801856,2.65824139,0
,1/1/2024 1:40,31033.40271,30362.50136,103.4446757,2.683131932,0
Tatibandh Zone,1/1/2024 1:45,53732.87625,47236.01097,179.1095875,3.727022149,0
Mowa Zone,1/1/2024 1:50,27123.55502,26246.89815,90.41185007,3.538654049,0
Mahadev Ghat Zone,1/1/2024 1:55,31363.33211,30576.643,104.5444404,3.554528438,0
Telibandha Zone,1/1/2024 2:00,21663.91185,19759.41611,72.21303949,3.568405885,0
Gudhiyari Zone,1/1/2024 2:05,30528.20616,27347.84372,101.7606872,2.549576099,0
,1/1/2024 2:10,25892.48722,23356.7381,86.30829073,3.978475681,0
Gudhiyari Zone,1/1/2024 2:15,43453.76238,39740.51249,144.8458746,3.051674699,0
Pandri Zone,1/1/2024 2:20,37868.94495,37458.33719,126.2298165,2.726076316,0
Shankar Nagar Zone,1/1/2024 2:25,38044.18762,33927.89359,126.8139587,2.524881743,0
Pandri Zone,1/1/2024 2:30,38298.81077,36116.7707,127.6627026,3.096358032,0
Telibandha Zone,1/1/2024 2:35,54480.2709,47421.38766,181.600903,3.887040427,0
Tatibandh Zone,1/1/2024 2:40,26737.31287,23364.94041,89.12437622,3.274953837,0
Devendra Nagar Zone,1/1/2024 2:45,30714.43086,27675.44805,102.3814362,3.008544687,0
Mahadev Ghat Zone,1/1/2024 2:50,53291.78019,51127.19917,177.6392673,3.831655148,0
Amanaka Zone,1/1/2024 2:55,57306.00491,55874.32532,191.0200164,3.05842415,0
Telibandha Zone,1/1/2024 3:00,44338.25668,40817.69516,147.7941889,3.537842797,0
Mowa Zone,1/1/2024 3:05,31491.09531,27199.12684,104.9703177,2.768234064,0
Amanaka Zone,1/1/2024 3:10,26270.78184,25219.37305,87.56927279,3.454498927,0
Mahadev Ghat Zone,1/1/2024 3:15,50766.50866,44366.63853,169.2216955,3.446707939,0
Mowa Zone,1/1/2024 3:20,37463.70209,35249.00858,124.879007,2.845277902,0
Mowa Zone,1/1/2024 3:25,48647.34483,46342.69465,162.1578161,3.825241033,0
Amanaka Zone,1/1/2024 3:30,18390.58152,17738.13183,61.3019384,3.970497376,0
Amanaka Zone,1/1/2024 3:35,40056.05681,36570.68045,133.5201894,2.75423912,0
Mahadev Ghat Zone,1/1/2024 3:40,45201.45826,40999.96456,150.6715275,2.813378076,0
,1/1/2024 3:45,46365.70834,42374.03695,154.5523611,3.611152927,0
Devendra Nagar Zone,1/1/2024 3:50,26529.31246,25513.77838,88.43104154,3.129671285,0
Shankar Nagar Zone,1/1/2024 3:55,44248.37688,38815.29501,147.4945896,3.697442768,0
Devendra Nagar Zone,1/1/2024 4:00,41048.9203,37240.64198,136.8297343,2.541425158,0
,1/1/2024 4:05,27894.35635,25298.25649,92.98118782,3.313966952,0
Gudhiyari Zone,1/1/2024 4:10,39168.70922,36414.53227,130.5623641,2.954898272,0
Mowa Zone,1/1/2024 4:15,52891.03838,47332.41138,176.3034613,3.185897742,0
Mahadev Ghat Zone,1/1/2024 4:20,58913.34358,56301.59096,196.3778119,3.589137001,0
Amanaka Zone,1/1/2024 4:25,18530.53716,15976.34389,61.7684572,3.158457131,0
Tatibandh Zone,1/1/2024 4:30,17618.7118,15769.53327,58.72903933,3.532749851,0
Gudhiyari Zone,1/1/2024 4:35,44708.88195,41556.71326,149.0296065,3.571893884,0
Mowa Zone,1/1/2024 4:40,33882.00281,30084.36913,112.9400094,3.417581119,0
Tatibandh Zone,1/1/2024 4:45,19130.95796,17064.3504,63.76985987,3.0128195,0
Mowa Zone,1/1/2024 4:50,19402.53723,18658.89768,64.6751241,3.211260744,0
Mowa Zone,1/1/2024 4:55,42713.25441,41973.14764,142.3775147,3.097757102,0
,1/1/2024 5:00,37546.79478,32137.41437,125.1559826,3.900154462,0
Devendra Nagar Zone,1/1/2024 5:05,54023.95201,49813.83749,180.07984,3.916377396,0
Amanaka Zone,1/1/2024 5:10,35621.38007,32547.0006,118.7379336,3.464932328,0
Pandri Zone,1/1/2024 5:15,24300.79619,22184.85558,81.00265398,3.477227158,0
Amanaka Zone,1/1/2024 5:20,30144.93967,28546.80129,100.4831322,3.427380827,0
Telibandha Zone,1/1/2024 5:25,37321.68544,34277.75631,124.4056181,2.891041792,0
Mahadev Ghat Zone,1/1/2024 5:30,51156.64187,48630.89503,170.5221396,3.602606566,0
Amanaka Zone,1/1/2024 5:35,33567.79546,29765.03292,111.8926515,3.985757713,0
Mowa Zone,1/1/2024 5:40,45593.0151,40020.74592,151.976717,2.85789529,0
Pandri Zone,1/1/2024 5:45,52190.58597,47992.39005,173.9686199,3.257878559,0
Tatibandh Zone,1/1/2024 5:50,30970.73357,28846.38681,103.2357786,3.770714716,0
,1/1/2024 5:55,35180.04849,33776.60044,117.2668283,3.447755818,0
Shankar Nagar Zone,1/1/2024 6:00,50158.32227,45773.12226,167.1944076,3.919291814,0
,1/1/2024 6:05,54946.68822,51099.52604,183.1556274,3.162295752,0
,1/1/2024 6:10,54009.09174,48124.25879,180.0303058,3.755445811,0
Tatibandh Zone,1/1/2024 6:15,46780.90022,43267.6928,155.9363341,3.732790089,0
Pandri Zone,1/1/2024 6:20,25650.83372,22319.70325,85.50277905,3.820539953,0
Amanaka Zone,1/1/2024 6:25,40128.19124,37263.5478,133.7606375,3.665720374,0
Amanaka Zone,1/1/2024 6:30,33234.09391,32144.02624,110.780313,2.880523261,0
Tatibandh Zone,1/1/2024 6:35,45646.77422,44521.50737,152.1559141,3.616317485,0
Tatibandh Zone,1/1/2024 6:40,25061.81273,23579.63581,83.53937578,3.802898692,0
Mowa Zone,1/1/2024 6:45,56608.94986,52873.34015,188.6964995,2.565101175,0
Tatibandh Zone,1/1/2024 6:50,43322.93872,40316.4382,144.4097957,3.284646766,0
Gudhiyari Zone,1/1/2024 6:55,48169.53176,41111.67361,160.5651059,3.076302747,0
Gudhiyari Zone,1/1/2024 7:00,42905.9669,40828.18418,143.0198897,3.183485129,0
,1/1/2024 7:05,26967.20662,23043.97892,89.89068874,2.844092119,0
Pandri Zone,1/1/2024 7:10,33504.30244,32507.92267,111.6810081,2.919645261,0
Amanaka Zone,1/1/2024 7:15,57740.9961,50600.00612,192.469987,3.733805864,0
Mahadev Ghat Zone,1/1/2024 7:20,39821.45426,38905.1482,132.7381809,3.814992229,0
Telibandha Zone,1/1/2024 7:25,21768.7601,20913.41881,72.56253367,3.980914194,0
Pandri Zone,1/1/2024 7:30,36091.19219,34852.15829,120.303974,3.757493057,0
Gudhiyari Zone,1/1/2024 7:35,39045.58238,34889.11026,130.1519413,3.537571596,0
Mowa Zone,1/1/2024 7:40,53234.13258,50489.99215,177.4471086,3.917148595,0
Amanaka Zone,1/1/2024 7:45,24325.24421,21811.87086,81.08414735,2.912097696,0
Mahadev Ghat Zone,1/1/2024 7:50,37417.4334,33685.83225,124.724778,2.533277113,0
Pandri Zone,1/1/2024 7:55,40242.20872,37310.5054,134.1406957,3.327860258,0
Devendra Nagar Zone,1/1/2024 8:00,42913.92981,39434.78267,143.0464327,3.632705884,0
Telibandha Zone,1/1/2024 8:05,41546.29591,36599.0501,138.487653,3.025881338,0
Shankar Nagar Zone,1/1/2024 8:10,35290.97013,33241.96155,117.6365671,3.32116946,0
Pandri Zone,1/1/2024 8:15,21618.30664,20400.02263,72.06102214,3.924280935,0
Mahadev Ghat Zone,1/1/2024 8:20,42936.2558,40360.18188,143.1208527,2.5687919,0
Amanaka Zone,1/1/2024 8:25,35705.36215,32857.63737,119.0178738,3.305895125,0
Shankar Nagar Zone,1/1/2024 8:30,30555.02775,30231.43723,101.8500925,2.772820127,0
Telibandha Zone,1/1/2024 8:35,25073.20797,21352.45257,83.57735989,3.402903093,0
Gudhiyari Zone,1/1/2024 8:40,20428.6142,20075.62446,68.09538067,2.633053801,0
,1/1/2024 8:45,16769.04629,16301.03319,55.89682098,3.535592243,0
Pandri Zone,1/1/2024 8:50,51279.05759,49816.14147,170.930192,2.915316472,0
Mahadev Ghat Zone,1/1/2024 8:55,42821.46472,39718.55258,142.7382157,3.226784478,0
Mahadev Ghat Zone,1/1/2024 9:00,45922.44774,43841.58856,153.0748258,2.699675393,0
Telibandha Zone,1/1/2024 9:05,38967.77699,36890.63543,129.89259,3.17111855,0
,1/1/2024 9:10,52831.94936,47395.74979,176.1064979,3.345947638,0
Shankar Nagar Zone,1/1/2024 9:15,30979.69365,29750.44505,103.2656455,3.210954912,0
Gudhiyari Zone,1/1/2024 9:20,48544.77634,43159.12752,161.8159211,3.380261677,0
Gudhiyari Zone,1/1/2024 9:25,42339.985,36098.0091,141.1332833,3.849471096,0
Tatibandh Zone,1/1/2024 9:30,19580.21127,17864.66086,65.26737089,2.855840188,0
Mahadev Ghat Zone,1/1/2024 9:35,18610.51855,16707.86486,62.03506185,3.845148137,0
Gudhiyari Zone,1/1/2024 9:40,58626.1695,52696.66271,195.420565,3.096783399,0
Mahadev Ghat Zone,1/1/2024 9:45,51938.76629,47862.29385,173.129221,3.584344145,0
Mowa Zone,1/1/2024 9:50,29565.56564,29002.74207,98.55188546,2.780565623,0
Pandri Zone,1/1/2024 9:55,27988.3749,27403.28978,93.29458299,3.415930064,0
Amanaka Zone,1/1/2024 10:00,30147.19252,26621.11305,100.4906417,2.577735305,0
Mahadev Ghat Zone,1/1/2024 10:05,26458.82946,23727.84889,88.19609821,3.714811669,0
Mahadev Ghat Zone,1/1/2024 10:10,50743.02525,45353.26944,169.1434175,3.409152822,0
Telibandha Zone,1/1/2024 10:15,47889.03638,42638.41614,159.6301213,2.686445835,0
Mahadev Ghat Zone,1/1/2024 10:20,17164.25898,16073.03491,57.21419659,3.582394826,0
Amanaka Zone,1/1/2024 10:25,51655.86241,45393.45009,172.186208,2.746398697,0
,1/1/2024 10:30,51746.97478,44804.9468,172.4899159,3.088667661,0
Gudhiyari Zone,1/1/2024 10:35,34743.51039,32667.0662,115.8117013,3.309671593,0
Telibandha Zone,1/1/2024 10:40,55791.24499,48007.82814,185.9708166,3.315329292,0
Devendra Nagar Zone,1/1/2024 10:45,46217.29233,42053.02297,154.0576411,3.595823705,0
Devendra Nagar Zone,1/1/2024 10:50,59896.16772,52486.50915,199.6538924,3.359726274,0
Pandri Zone,1/1/2024 10:55,40645.03582,35168.65305,135.4834527,2.550298652,0
Gudhiyari Zone,1/1/2024 11:00,32046.97045,27488.86092,106.8232348,3.304722027,0
Mahadev Ghat Zone,1/1/2024 11:05,25316.31279,24447.52311,84.38770928,2.724876141,0
Amanaka Zone,1/1/2024 11:10,47228.05836,46153.878,157.4268612,3.348262521,0
Mahadev Ghat Zone,1/1/2024 11:15,33038.31375,31692.66177,110.1277125,3.375087692,0
Mahadev Ghat Zone,1/1/2024 11:20,42515.44059,42060.2438,141.7181353,3.258833018,0
Shankar Nagar Zone,1/1/2024 11:25,50553.80867,48488.54179,168.5126956,3.878125783,0
,1/1/2024 11:30,18479.44795,16419.79562,61.59815982,2.603382309,0
Pandri Zone,1/1/2024 11:35,59317.85395,54177.8608,197.7261798,2.669857069,0
Gudhiyari Zone,1/1/2024 11:40,41607.39461,39244.88337,138.6913154,3.278257086,0
Shankar Nagar Zone,1/1/2024 11:45,42167.46893,41418.00045,140.5582298,3.681684833,0
Gudhiyari Zone,1/1/2024 11:50,30612.89409,26433.06867,102.0429803,3.019518992,0
Amanaka Zone,1/1/2024 11:55,40993.43793,34996.08199,136.6447931,2.872339664,0
Gudhiyari Zone,1/1/2024 12:00,24570.6353,23566.0192,81.90211765,2.830145821,0
Shankar Nagar Zone,1/1/2024 12:05,18840.73506,17669.96221,62.80245021,3.121936186,0
Devendra Nagar Zone,1/1/2024 12:10,50990.19099,49778.30268,169.9673033,3.140183358,0
Mahadev Ghat Zone,1/1/2024 12:15,28232.01056,25787.92585,94.10670188,3.381180406,0
Pandri Zone,1/1/2024 12:20,40183.81491,38088.59573,133.9460497,3.101144591,0
Devendra Nagar Zone,1/1/2024 12:25,27253.58346,23281.06285,90.84527821,3.629869331,0
Devendra Nagar Zone,1/1/2024 12:30,47218.7503,41960.33714,157.3958343,2.734228896,0
Mahadev Ghat Zone,1/1/2024 12:35,37747.85456,34885.58205,125.8261819,2.79416965,0
Amanaka Zone,1/1/2024 12:40,25718.22515,22890.74206,85.72741716,3.479119162,0
Mahadev Ghat Zone,1/1/2024 12:45,58319.21933,54414.27326,194.3973978,3.710275223,0
Devendra Nagar Zone,1/1/2024 12:50,15585.08656,13952.61131,51.95028853,3.844503728,0
Amanaka Zone,1/1/2024 12:55,33964.10478,31674.30054,113.2136826,3.374562341,0
,1/1/2024 13:00,31337.66455,29361.17819,104.4588818,3.737660997,0
Tatibandh Zone,1/1/2024 13:05,28250.95918,24393.36499,94.16986393,3.154189794,0
,1/1/2024 13:10,59341.52905,52455.81086,197.8050968,3.34866493,0
Pandri Zone,1/1/2024 13:15,39373.53966,36142.2427,131.2451322,2.903016039,0
Shankar Nagar Zone,1/1/2024 13:20,55525.75356,50338.21148,185.0858452,2.698414317,0
Mowa Zone,1/1/2024 13:25,37414.08391,33828.29087,124.713613,3.722581643,0
Devendra Nagar Zone,1/1/2024 13:30,21300.83424,21010.99041,71.0027808,2.659868095,0
Telibandha Zone,1/1/2024 13:35,44926.65035,40022.52086,149.7555012,3.400775291,0
,1/1/2024 13:40,30924.21195,27086.66136,103.0807065,3.133054089,0
Amanaka Zone,1/1/2024 13:45,32518.30263,31325.41481,108.3943421,2.868023665,0
Devendra Nagar Zone,1/1/2024 13:50,57718.80587,51490.73951,192.3960196,3.415607001,0
Mahadev Ghat Zone,1/1/2024 13:55,16403.24108,14490.63106,54.67747026,2.822410568,0
Telibandha Zone,1/1/2024 14:00,36340.67889,32524.06014,121.1355963,3.434998826,0
Mahadev Ghat Zone,1/1/2024 14:05,26088.0915,25427.50332,86.96030499,3.152241008,0
Gudhiyari Zone,1/1/2024 14:10,31243.82536,28587.76556,104.1460845,3.385346,0
,1/1/2024 14:15,38458.53003,33775.90548,128.1951001,3.535840349,0
Mowa Zone,1/1/2024 14:20,58940.01474,53777.85728,196.4667158,2.525154408,1
Tatibandh Zone,1/1/2024 14:25,16774.20651,14278.6463,55.91402171,3.91608901,0
Mowa Zone,1/1/2024 14:30,29078.46854,28040.99778,96.92822848,3.209815177,0
Mahadev Ghat Zone,1/1/2024 14:35,57491.99201,54711.03853,191.6399734,3.956587368,0
Telibandha Zone,1/1/2024 14:40,44004.59928,39011.14301,146.6819976,3.283651864,0
Telibandha Zone,1/1/2024 14:45,38861.93097,34012.93851,129.5397699,3.827497535,0
Mahadev Ghat Zone,1/1/2024 14:50,50582.54242,43768.51238,168.6084747,3.309236939,0
,1/1/2024 14:55,39761.20817,36214.08573,132.5373606,2.119772671,1
Amanaka Zone,1/1/2024 15:00,15426.84451,15261.16169,51.42281504,2.605044559,0
Tatibandh Zone,1/1/2024 15:05,27225.9137,23420.00723,90.75304566,3.371135811,0
Shankar Nagar Zone,1/1/2024 15:10,25744.97156,23951.9829,85.81657187,3.606373452,0
Shankar Nagar Zone,1/1/2024 15:15,41509.88405,36060.18068,138.3662802,3.573329973,0
Pandri Zone,1/1/2024 15:20,20599.69008,17599.69371,68.66563359,3.087445211,0
Gudhiyari Zone,1/1/2024 15:25,54788.95402,51591.31823,182.6298467,3.973495773,0
Devendra Nagar Zone,1/1/2024 15:30,25425.22656,23628.59469,84.75075521,3.986752939,0
,1/1/2024 15:35,32284.07752,27958.72652,107.6135917,2.570418036,0
Mowa Zone,1/1/2024 15:40,99526.22429,96655.96532,331.754081,0.910976996,1
Telibandha Zone,1/1/2024 15:45,59835.10991,51681.01987,199.4503664,3.236779511,0
Tatibandh Zone,1/1/2024 15:50,41103.87935,35661.01662,137.0129312,3.389409902,0
Tatibandh Zone,1/1/2024 15:55,53348.709,50110.78501,177.82903,2.566564995,0
Telibandha Zone,1/1/2024 16:00,31770.98327,27170.34004,105.9032776,3.11267982,0
Gudhiyari Zone,1/1/2024 16:05,23975.39687,21168.42059,79.91798958,3.016029766,1
Amanaka Zone,1/1/2024 16:10,30651.41436,29916.51462,102.1713812,3.737021449,0
Gudhiyari Zone,1/1/2024 16:15,54067.23618,48705.92537,180.2241206,3.281890468,0
Tatibandh Zone,1/1/2024 16:20,19762.53422,19082.23403,65.87511407,3.895135526,0
,1/1/2024 16:25,54558.21661,50622.89189,181.860722,3.198205013,0
Devendra Nagar Zone,1/1/2024 16:30,51808.51609,48506.6324,172.6950536,2.741139844,0
Pandri Zone,1/1/2024 16:35,20212.97356,19089.67229,67.37657852,3.339766468,0
Gudhiyari Zone,1/1/2024 16:40,15829.24734,14023.79826,52.76415781,2.925014422,0
Mowa Zone,1/1/2024 16:45,57175.28193,51960.39349,190.5842731,2.653764592,0
Pandri Zone,1/1/2024 16:50,46885.74021,45884.87362,156.2858007,3.656476439,0
Telibandha Zone,1/1/2024 16:55,58807.00361,55470.17751,196.0233454,3.807305209,0
Devendra Nagar Zone,1/1/2024 17:00,51968.08263,46712.30263,173.2269421,2.598439217,0
Devendra Nagar Zone,1/1/2024 17:05,27313.19998,24352.22627,91.04399994,3.16885406,0
Devendra Nagar Zone,1/1/2024 17:10,52166.43446,46146.4326,173.8881149,3.290536144,0
Shankar Nagar Zone,1/1/2024 17:15,27296.67871,26296.90308,90.98892905,3.481766821,0
Mowa Zone,1/1/2024 17:20,53581.20414,48022.11003,178.6040138,3.864286766,0
Pandri Zone,1/1/2024 17:25,47599.02027,44168.2926,158.6634009,2.981114111,0
Mahadev Ghat Zone,1/1/2024 17:30,53896.12124,52132.59451,179.6537375,3.052789516,0
Pandri Zone,1/1/2024 17:35,21914.61172,19896.62587,73.04870572,2.636746736,0
Mowa Zone,1/1/2024 17:40,58538.00686,57813.75394,195.1266895,3.867754052,0
Devendra Nagar Zone,1/1/2024 17:45,45850.43793,41074.55681,152.8347931,2.687778688,0
Gudhiyari Zone,1/1/2024 17:50,27104.7032,25868.20222,90.34901067,3.372957103,0
Mahadev Ghat Zone,1/1/2024 17:55,45620.54819,42740.99799,152.068494,3.196897895,0
Tatibandh Zone,1/1/2024 18:00,50093.2945,49468.81817,166.9776483,3.790183596,0
Pandri Zone,1/1/2024 18:05,40690.70258,34986.12092,135.6356753,2.654188607,0
Pandri Zone,1/1/2024 18:10,15439.68813,14401.4854,51.46562711,3.339473025,0
Pandri Zone,1/1/2024 18:15,31101.06079,26874.99501,103.6702026,3.73677107,0
,1/1/2024 18:20,24006.76099,21646.68869,80.02253664,3.700880049,0
Amanaka Zone,1/1/2024 18:25,41764.94868,38481.5398,139.2164956,3.844331954,0
Mahadev Ghat Zone,1/1/2024 18:30,43138.70971,39696.07469,143.795699,3.921025694,0
Shankar Nagar Zone,1/1/2024 18:35,41886.41382,36742.78109,139.6213794,3.329502179,0
,1/1/2024 18:40,47617.19519,42310.14405,158.723984,3.157910825,0
Amanaka Zone,1/1/2024 18:45,58913.93651,52961.32784,196.3797884,2.828820981,0
Devendra Nagar Zone,1/1/2024 18:50,22275.26449,21477.6367,74.25088162,2.565492487,0
Mahadev Ghat Zone,1/1/2024 18:55,44264.65589,43630.2264,147.548853,3.962189743,0
Pandri Zone,1/1/2024 19:00,22838.70015,20230.61671,76.12900049,3.760678609,0
Mowa Zone,1/1/2024 19:05,31696.74433,31197.02022,105.6558144,3.018902489,0
Tatibandh Zone,1/1/2024 19:10,47636.59472,45380.24572,158.7886491,3.157923129,0
Gudhiyari Zone,1/1/2024 19:15,59645.99924,52260.82086,198.8199975,3.482514008,0
Telibandha Zone,1/1/2024 19:20,47990.08601,47096.38849,159.9669534,3.44734033,0
Devendra Nagar Zone,1/1/2024 19:25,31778.18867,31061.46855,105.9272956,3.4488108,0
Tatibandh Zone,1/1/2024 19:30,54183.74556,50087.139,180.6124852,2.870846612,0
Telibandha Zone,1/1/2024 19:35,44345.54605,42428.26059,147.8184868,2.642892262,0
Mowa Zone,1/1/2024 19:40,49806.29066,45968.08216,166.0209689,2.987785096,0
,1/1/2024 19:45,22639.10573,20650.05742,75.46368576,2.610245121,0
Pandri Zone,1/1/2024 19:50,41454.7967,35291.88289,138.1826557,3.174150753,0
Tatibandh Zone,1/1/2024 19:55,31052.94239,30545.71173,103.509808,3.408307236,0
Mahadev Ghat Zone,1/1/2024 20:00,54072.20762,51826.76267,180.2406921,3.378031547,0
Telibandha Zone,1/1/2024 20:05,25400.89106,22999.89775,84.66963686,2.684456213,0
Mowa Zone,1/1/2024 20:10,29227.02472,26704.18058,97.42341575,3.900812526,0
Mowa Zone,1/1/2024 20:15,45868.54812,39858.7127,152.8951604,3.219845622,0
Devendra Nagar Zone,1/1/2024 20:20,38201.82129,35845.97261,127.3394043,3.182109783,0
Shankar Nagar Zone,1/1/2024 20:25,24083.40535,22342.86258,80.27801782,3.557021144,0
Mahadev Ghat Zone,1/1/2024 20:30,25555.2582,23641.82978,85.184194,2.734245767,0
Devendra Nagar Zone,1/1/2024 20:35,45746.16127,43540.47548,152.4872042,3.916921329,0
Mahadev Ghat Zone,1/1/2024 20:40,20089.94186,17482.78656,66.96647286,3.652779047,0
Mowa Zone,1/1/2024 20:45,40973.33565,39881.52178,136.5777855,3.500457275,0
Tatibandh Zone,1/1/2024 20:50,59700.16218,55482.06139,199.0005406,3.799658001,0
Shankar Nagar Zone,1/1/2024 20:55,49433.58891,48329.60378,164.7786297,3.475767472,0
Tatibandh Zone,1/1/2024 21:00,54100.52815,51647.32294,180.3350938,2.975793575,0
Mowa Zone,1/1/2024 21:05,31490.76907,28445.53549,104.9692302,2.986878745,0
Tatibandh Zone,1/1/2024 21:10,39555.90998,36320.2209,131.8530333,3.394728212,0
Mahadev Ghat Zone,1/1/2024 21:15,42877.06557,38654.2393,142.9235519,3.502319198,0
Telibandha Zone,1/1/2024 21:20,16153.89296,15764.33593,53.84630987,3.218772816,0
Mowa Zone,1/1/2024 21:25,36451.29638,35642.72187,121.5043213,2.869104488,0
Mowa Zone,1/1/2024 21:30,15340.32937,14135.17472,51.13443125,2.793666979,0
Amanaka Zone,1/1/2024 21:35,57049.62121,55994.47676,190.165404,2.590401085,0
Mowa Zone,1/1/2024 21:40,28828.04842,26898.35946,96.09349474,2.927309353,0
Shankar Nagar Zone,1/1/2024 21:45,32995.73431,31758.04923,109.985781,3.576453679,0
Devendra Nagar Zone,1/1/2024 21:50,23164.72565,21101.42314,77.21575215,3.521676781,0
,1/1/2024 21:55,56298.86201,54992.89739,187.6628734,2.77784267,0
Mahadev Ghat Zone,1/1/2024 22:00,20053.6955,18963.3876,66.84565166,3.289748791,0
Tatibandh Zone,1/1/2024 22:05,44097.2661,39174.67473,146.990887,3.690615776,0
Mahadev Ghat Zone,1/1/2024 22:10,25659.17515,23404.26787,85.53058385,3.030132069,0
Devendra Nagar Zone,1/1/2024 22:15,19299.08912,18850.52192,64.33029708,3.501324849,0
Pandri Zone,1/1/2024 22:20,53825.86849,52873.20089,179.4195616,3.605310617,0
Amanaka Zone,1/1/2024 22:25,39601.38357,36881.51552,132.0046119,3.410641054,0
Tatibandh Zone,1/1/2024 22:30,21139.78887,18970.2491,70.46596288,3.98167828,0
Devendra Nagar Zone,1/1/2024 22:35,15711.94913,15009.45372,52.37316376,3.586775277,0
Gudhiyari Zone,1/1/2024 22:40,27337.23,26363.43692,91.12409998,3.367580376,0
Amanaka Zone,1/1/2024 22:45,31513.02356,27873.14203,105.0434119,3.101781871,0
Telibandha Zone,1/1/2024 22:50,18146.92226,15850.67839,60.48974086,3.504403924,0
Amanaka Zone,1/1/2024 22:55,52646.33372,51802.21225,175.4877791,1.644939954,1
Telibandha Zone,1/1/2024 23:00,30010.62973,28585.7979,100.0354324,3.169528527,0
Tatibandh Zone,1/1/2024 23:05,33426.50339,30263.02739,111.421678,2.755716907,0
Mahadev Ghat Zone,1/1/2024 23:10,56723.00188,48482.14195,189.0766729,3.693174941,0
Mowa Zone,1/1/2024 23:15,49586.99122,48065.89994,165.2899707,3.605770338,0
Gudhiyari Zone,1/1/2024 23:20,48987.16892,45742.4476,163.2905631,2.633686648,0
Telibandha Zone,1/1/2024 23:25,20294.20628,18946.60925,67.64735427,2.59466355,0
Telibandha Zone,1/1/2024 23:30,39921.10083,34346.73001,133.0703361,3.905436735,0
Shankar Nagar Zone,1/1/2024 23:35,22279.38951,20751.23557,74.2646317,3.810004993,0
Shankar Nagar Zone,1/1/2024 23:40,56876.78466,54581.9874,189.5892822,2.812765772,0
Mahadev Ghat Zone,1/1/2024 23:45,47463.99303,44092.00684,158.2133101,3.298721789,0
Mowa Zone,1/1/2024 23:50,21920.60174,20615.43421,73.06867245,2.534340737,0
,1/1/2024 23:55,20963.61027,19019.42464,69.87870091,3.733720845,0
Gudhiyari Zone,1/2/2024 0:00,29288.91515,26745.85946,97.62971718,3.743998608,0
Telibandha Zone,1/2/2024 0:05,16161.53581,15534.67666,53.87178604,2.602258464,0
Shankar Nagar Zone,1/2/2024 0:10,19754.91079,17720.93141,65.84970264,3.159267533,0
Devendra Nagar Zone,1/2/2024 0:15,17760.73322,16365.3153,59.20244407,2.72803728,0
Telibandha Zone,1/2/2024 0:20,46276.5853,41135.65715,154.2552843,2.586670841,0
Tatibandh Zone,1/2/2024 0:25,26942.43341,25088.15225,89.80811138,3.674044061,0
Shankar Nagar Zone,1/2/2024 0:30,51628.66213,48785.72584,172.0955404,3.995045281,0
Gudhiyari Zone,1/2/2024 0:35,20881.96695,19602.1265,69.60655651,3.139125076,0
Devendra Nagar Zone,1/2/2024 0:40,36673.56809,33389.4117,122.245227,3.288256933,0
Devendra Nagar Zone,1/2/2024 0:45,36660.48682,34457.22339,122.2016227,3.124230997,0
,1/2/2024 0:50,42852.66869,42143.55753,142.842229,2.784542272,0
Mowa Zone,1/2/2024 0:55,58180.94899,50485.51774,193.9364966,3.702305668,0
Mowa Zone,1/2/2024 1:00,19413.71614,17710.44385,64.71238712,3.766535624,0
Telibandha Zone,1/2/2024 1:05,31914.97283,28471.74208,106.3832428,3.214027194,0
Pandri Zone,1/2/2024 1:10,50410.65238,49405.27971,168.0355079,3.93300203,0
Pandri Zone,1/2/2024 1:15,16729.1857,14662.75089,55.76395234,3.761307369,0
Telibandha Zone,1/2/2024 1:20,35255.59946,33880.46306,117.5186649,3.079523365,0
Amanaka Zone,1/2/2024 1:25,59472.3872,52864.82095,198.2412907,2.65854022,0
Devendra Nagar Zone,1/2/2024 1:30,18243.79512,17454.24048,60.8126504,3.574485082,0
Mowa Zone,1/2/2024 1:35,35787.61215,31714.15826,119.2920405,3.081392847,0
Amanaka Zone,1/2/2024 1:40,22834.92009,22149.77595,76.1164003,2.777793352,0
,1/2/2024 1:45,18697.72504,17459.94286,62.32575012,2.531417442,0
Tatibandh Zone,1/2/2024 1:50,45030.76791,38581.67071,150.1025597,3.963986274,0
Tatibandh Zone,1/2/2024 1:55,38863.596,36928.87044,129.54532,3.46585638,0
Mahadev Ghat Zone,1/2/2024 2:00,36870.69763,31551.4838,122.9023254,2.670934952,0
Telibandha Zone,1/2/2024 2:05,30222.03777,27805.16977,100.7401259,2.69214362,0
,1/2/2024 2:10,57438.4127,50474.36292,191.4613757,3.419409374,0
Pandri Zone,1/2/2024 2:15,27865.80552,23726.38969,92.88601839,3.468716219,0
Tatibandh Zone,1/2/2024 2:20,43623.18437,40866.37151,145.4106146,3.316024869,0
Devendra Nagar Zone,1/2/2024 2:25,17423.61931,16830.89178,58.07873105,2.770891897,0
Telibandha Zone,1/2/2024 2:30,45838.41073,39235.21031,152.7947024,2.661915572,0
Devendra Nagar Zone,1/2/2024 2:35,47976.06951,45285.21425,159.9202317,3.761054542,0
Gudhiyari Zone,1/2/2024 2:40,45999.83859,40124.15094,153.3327953,3.347532989,0
Mahadev Ghat Zone,1/2/2024 2:45,26225.39003,23107.01734,87.41796678,1.052683815,1
,1/2/2024 2:50,28991.80185,27817.68822,96.6393395,3.486340469,0
Telibandha Zone,1/2/2024 2:55,50270.6303,48287.68723,167.5687677,3.033076853,0
Gudhiyari Zone,1/2/2024 3:00,15496.42264,15009.98554,51.65474214,3.749020704,0
Amanaka Zone,1/2/2024 3:05,36164.35743,34074.95125,120.5478581,3.762955557,0
Shankar Nagar Zone,1/2/2024 3:10,54878.81012,52443.83777,182.9293671,3.583106407,0
Mahadev Ghat Zone,1/2/2024 3:15,16308.21212,15035.75757,54.36070705,2.767558876,0
Pandri Zone,1/2/2024 3:20,36643.78004,33156.6347,122.1459335,3.3823034,0
Devendra Nagar Zone,1/2/2024 3:25,17376.17822,15651.12855,57.92059407,3.554415161,0
Amanaka Zone,1/2/2024 3:30,18467.62256,17923.40397,61.55874187,3.247383523,0
Gudhiyari Zone,1/2/2024 3:35,52130.88004,51444.95131,173.7696001,2.814762992,0
Pandri Zone,1/2/2024 3:40,18987.01934,16285.5132,63.29006445,3.151029049,0
Tatibandh Zone,1/2/2024 3:45,43915.43398,38214.44911,146.3847799,3.899669997,0
Gudhiyari Zone,1/2/2024 3:50,48624.88145,45564.04137,162.0829382,3.986689648,0
Shankar Nagar Zone,1/2/2024 3:55,30053.00799,29243.49669,100.1766933,3.043353162,0
Gudhiyari Zone,1/2/2024 4:00,28442.65081,25023.69354,94.80883604,3.277118149,0
Amanaka Zone,1/2/2024 4:05,35777.97661,33574.84068,119.259922,3.065371247,0
Shankar Nagar Zone,1/2/2024 4:10,18627.06812,16632.25556,62.09022706,2.700219959,0
Tatibandh Zone,1/2/2024 4:15,17577.6113,16240.97998,58.59203766,2.510543806,0
Shankar Nagar Zone,1/2/2024 4:20,58047.65795,50866.30434,193.4921932,3.485432734,0
Devendra Nagar Zone,1/2/2024 4:25,55781.45612,53686.08027,185.9381871,2.870468199,0
,1/2/2024 4:30,27066.2559,24572.38414,90.22085301,3.767184154,0
Telibandha Zone,1/2/2024 4:35,21266.0417,20995.27851,70.88680567,3.85965618,0
Telibandha Zone,1/2/2024 4:40,39674.42627,35904.76435,132.2480876,3.598673098,0
,1/2/2024 4:45,30435.93333,28560.66152,101.4531111,2.178009719,1
Mahadev Ghat Zone,1/2/2024 4:50,28891.44345,24797.84576,96.30481151,3.007394658,0
Pandri Zone,1/2/2024 4:55,25139.26185,24382.2677,83.79753949,2.726870243,0
Pandri Zone,1/2/2024 5:00,25233.42731,24302.37793,84.11142438,3.970775233,0
Pandri Zone,1/2/2024 5:05,18677.64056,17059.01509,62.25880186,3.315307326,0
Telibandha Zone,1/2/2024 5:10,24724.07039,21411.47091,82.41356798,3.496281872,0
Devendra Nagar Zone,1/2/2024 5:15,17802.28976,16994.73011,59.34096588,3.318147804,0
Amanaka Zone,1/2/2024 5:20,24061.3702,22678.08254,80.20456732,3.679417299,0
Shankar Nagar Zone,1/2/2024 5:25,24219.65734,23890.33858,80.73219112,3.279078789,0
Tatibandh Zone,1/2/2024 5:30,48782.82781,45243.13302,162.609426,3.340273388,0
Amanaka Zone,1/2/2024 5:35,39241.58091,35831.90845,130.8052697,3.863830309,0
Tatibandh Zone,1/2/2024 5:40,19203.35874,17416.64388,64.0111958,3.096072086,0
Mahadev Ghat Zone,1/2/2024 5:45,50678.44886,44536.55107,168.9281629,2.930706937,0
Mahadev Ghat Zone,1/2/2024 5:50,35142.13231,30133.07701,117.140441,3.280285785,0
Amanaka Zone,1/2/2024 5:55,22598.4393,21513.63694,75.328131,3.845779511,0
Mahadev Ghat Zone,1/2/2024 6:00,44443.16485,37910.7439,148.1438828,3.840984565,0
Gudhiyari Zone,1/2/2024 6:05,20293.97947,18743.61429,67.64659822,3.785310904,0
Devendra Nagar Zone,1/2/2024 6:10,53633.49835,48101.37371,178.7783278,1.870075808,1
Mowa Zone,1/2/2024 6:15,38732.983,34407.55298,129.1099433,3.339633525,0
Mowa Zone,1/2/2024 6:20,30157.82258,26131.81439,100.5260753,3.960186085,0
Tatibandh Zone,1/2/2024 6:25,51973.6604,48666.04289,173.2455347,3.206751848,0
Amanaka Zone,1/2/2024 6:30,38644.57106,33081.20937,128.8152369,3.819732871,0
Pandri Zone,1/2/2024 6:35,21388.73954,18310.09866,71.29579846,2.859811169,0
Tatibandh Zone,1/2/2024 6:40,40976.23788,39689.9581,136.5874596,3.153258182,0
Amanaka Zone,1/2/2024 6:45,48268.26308,43440.63593,160.8942103,2.5466734,0
Devendra Nagar Zone,1/2/2024 6:50,44487.70844,41942.55838,148.2923615,2.750698017,0
Amanaka Zone,1/2/2024 6:55,38069.46389,33301.80668,126.898213,3.54122586,0
Mowa Zone,1/2/2024 7:00,49166.19299,47745.7307,163.88731,3.112459514,0
Telibandha Zone,1/2/2024 7:05,54340.20259,49120.91505,181.1340086,3.476152821,0
Gudhiyari Zone,1/2/2024 7:10,32172.53729,31407.02097,107.241791,2.840095574,0
Shankar Nagar Zone,1/2/2024 7:15,33964.98187,29560.28004,113.2166062,2.527000133,0
Tatibandh Zone,1/2/2024 7:20,55984.65727,53212.65707,186.6155242,2.938327346,0
Devendra Nagar Zone,1/2/2024 7:25,40163.31631,38677.84378,133.877721,3.432016746,0
Shankar Nagar Zone,1/2/2024 7:30,46665.86899,44046.06178,155.5528966,2.668870586,0
Pandri Zone,1/2/2024 7:35,28556.93673,25897.9702,95.18978911,3.203151948,0
Tatibandh Zone,1/2/2024 7:40,55630.27478,53113.59899,185.4342493,2.572214254,0
Tatibandh Zone,1/2/2024 7:45,43177.92772,40455.15007,143.9264257,3.983542538,0
Amanaka Zone,1/2/2024 7:50,50512.2381,46076.71166,168.374127,2.901665013,0
Mowa Zone,1/2/2024 7:55,20171.98487,19906.11941,67.23994956,3.398467762,0
Pandri Zone,1/2/2024 8:00,58012.10177,49550.20704,193.3736726,2.59703034,0
Gudhiyari Zone,1/2/2024 8:05,49824.58451,47299.2535,166.0819484,3.151893941,0
Mahadev Ghat Zone,1/2/2024 8:10,35036.07505,30915.11098,116.7869168,3.92216248,0
Shankar Nagar Zone,1/2/2024 8:15,36945.01809,31944.83026,123.1500603,3.076766991,0
Devendra Nagar Zone,1/2/2024 8:20,27103.15256,25934.27848,90.34384187,3.975760469,0
Gudhiyari Zone,1/2/2024 8:25,21301.08439,19815.15911,71.00361463,2.568473118,0
Pandri Zone,1/2/2024 8:30,36138.46933,30931.94071,120.4615644,3.433779544,0
Gudhiyari Zone,1/2/2024 8:35,17227.35841,17011.34789,57.42452802,3.781203996,0
Devendra Nagar Zone,1/2/2024 8:40,40742.18895,37802.69526,135.8072965,3.703878519,0
Tatibandh Zone,1/2/2024 8:45,27805.30358,26105.35722,92.68434526,3.725023263,0
Devendra Nagar Zone,1/2/2024 8:50,43866.95901,37590.83629,146.2231967,2.219794957,1
Amanaka Zone,1/2/2024 8:55,55842.49512,53854.21992,186.1416504,3.116531613,0
,1/2/2024 9:00,51953.92271,45536.38329,173.1797424,3.932590767,0
Devendra Nagar Zone,1/2/2024 9:05,54221.89773,48897.87244,180.7396591,2.560838106,0
Shankar Nagar Zone,1/2/2024 9:10,20446.12502,19251.65103,68.15375007,3.053579533,0
,1/2/2024 9:15,48743.2844,44024.72528,162.4776147,2.981621646,0
Amanaka Zone,1/2/2024 9:20,15455.90328,13168.6637,51.5196776,3.390491187,0
Amanaka Zone,1/2/2024 9:25,20425.12874,18620.41531,68.08376246,3.585959583,0
Mahadev Ghat Zone,1/2/2024 9:30,46269.70682,45645.20935,154.2323561,3.730018944,0
,1/2/2024 9:35,51361.01835,46942.45379,171.2033945,3.865201955,0
Gudhiyari Zone,1/2/2024 9:40,46162.1772,42141.4172,153.873924,3.768406544,0
Mowa Zone,1/2/2024 9:45,41562.84943,40715.13677,138.5428314,3.792613742,0
Tatibandh Zone,1/2/2024 9:50,29349.00682,28356.22971,97.83002275,3.146477831,0
Shankar Nagar Zone,1/2/2024 9:55,38661.56695,33651.81414,128.8718898,3.089461338,0
Mowa Zone,1/2/2024 10:00,30564.48573,28052.17269,101.8816191,3.835145553,0
Amanaka Zone,1/2/2024 10:05,18227.035,17102.91857,60.75678333,3.01090625,0
Mowa Zone,1/2/2024 10:10,52877.55128,52288.50121,176.2585043,3.296628017,0
Pandri Zone,1/2/2024 10:15,36851.53648,31949.52721,122.8384549,2.710829451,0
Shankar Nagar Zone,1/2/2024 10:20,24398.88318,23968.39262,81.32961061,2.648953304,0
Gudhiyari Zone,1/2/2024 10:25,35633.5354,33464.95422,118.7784513,3.634320421,0
,1/2/2024 10:30,44372.92409,41799.75893,147.909747,1.612130195,1
Shankar Nagar Zone,1/2/2024 10:35,66527.45349,63958.04877,221.7581783,1.679806439,1
Mowa Zone,1/2/2024 10:40,34819.86076,31448.89697,116.0662025,3.750474943,0
Pandri Zone,1/2/2024 10:45,45482.42947,40156.70794,151.6080982,3.261169549,0
Pandri Zone,1/2/2024 10:50,21263.85156,19235.22951,70.8795052,3.370701401,0
Amanaka Zone,1/2/2024 10:55,48056.00654,44379.36738,160.1866885,3.673582494,0
Amanaka Zone,1/2/2024 11:00,32781.19845,32062.43274,109.2706615,2.801968162,0
Amanaka Zone,1/2/2024 11:05,41685.65252,37655.29708,138.9521751,2.698558569,0
Gudhiyari Zone,1/2/2024 11:10,50572.94074,44594.39728,168.5764691,2.695978516,0
,1/2/2024 11:15,26420.00295,24104.56304,88.0666765,2.972543557,1
,1/2/2024 11:20,38509.98654,32804.15675,128.3666218,3.237127266,0
Tatibandh Zone,1/2/2024 11:25,47657.24084,44228.35283,158.8574695,3.043402131,0
Shankar Nagar Zone,1/2/2024 11:30,36441.75227,35449.80507,121.4725076,3.709884013,0
Pandri Zone,1/2/2024 11:35,55189.05923,47598.63708,183.9635308,3.770453281,0
Devendra Nagar Zone,1/2/2024 11:40,36457.95607,33781.99216,121.5265202,2.528674142,0
,1/2/2024 11:45,44001.16247,39331.52128,146.6705416,3.448816165,0
Tatibandh Zone,1/2/2024 11:50,66058.21431,65086.78583,220.1940477,1.8476111,1
Shankar Nagar Zone,1/2/2024 11:55,48321.42594,46616.07576,161.0714198,3.751216896,0
Tatibandh Zone,1/2/2024 12:00,53066.46479,47760.20963,176.888216,3.649173899,0
Shankar Nagar Zone,1/2/2024 12:05,17970.44299,16013.71113,59.90147662,3.110659734,0
Telibandha Zone,1/2/2024 12:10,19542.354,17600.16273,65.14118,2.509133122,0
Telibandha Zone,1/2/2024 12:15,46818.89148,42189.70889,156.0629716,3.691773317,0
Telibandha Zone,1/2/2024 12:20,51156.72345,47536.86283,170.5224115,2.921506748,0
Devendra Nagar Zone,1/2/2024 12:25,25171.3049,22439.48611,83.90434967,3.21465548,0
Mowa Zone,1/2/2024 12:30,49182.51429,45852.88027,163.9417143,3.124182142,0
,1/2/2024 12:35,43115.27383,38326.54215,143.7175794,3.378797183,0
Shankar Nagar Zone,1/2/2024 12:40,28048.65535,25757.4156,93.49551784,2.954791089,0
Mahadev Ghat Zone,1/2/2024 12:45,37351.29403,36160.59589,124.5043134,2.907114071,0
Tatibandh Zone,1/2/2024 12:50,29291.40579,28156.86575,97.63801929,3.622967851,0
Gudhiyari Zone,1/2/2024 12:55,17821.03297,16570.61128,59.40344324,3.560464731,0
Tatibandh Zone,1/2/2024 13:00,56889.93174,48982.29669,189.6331058,2.624073192,0
Telibandha Zone,1/2/2024 13:05,50501.96123,48473.21949,168.3398708,2.970021876,0
Mahadev Ghat Zone,1/2/2024 13:10,19018.0286,17638.9326,63.39342868,3.946117625,0
Tatibandh Zone,1/2/2024 13:15,15196.34713,12942.81571,50.65449045,3.555785637,0
Pandri Zone,1/2/2024 13:20,20832.0293,18548.01121,69.44009768,2.917659112,0
Shankar Nagar Zone,1/2/2024 13:25,43986.71497,40463.62135,146.6223832,3.672735795,0
Tatibandh Zone,1/2/2024 13:30,19993.98861,18026.78902,66.64662869,3.213951597,0
Devendra Nagar Zone,1/2/2024 13:35,33742.69944,32280.10831,112.4756648,3.651351443,0
Tatibandh Zone,1/2/2024 13:40,47872.33624,42675.67063,159.5744541,3.804644765,0
Telibandha Zone,1/2/2024 13:45,56886.32838,56077.07504,189.6210946,3.092101531,0
Mowa Zone,1/2/2024 13:50,36066.93636,31511.73781,120.2231212,3.523290821,0
Tatibandh Zone,1/2/2024 13:55,50190.69007,46379.11229,167.3023002,3.734964145,0
Mowa Zone,1/2/2024 14:00,52721.94118,45293.32716,175.7398039,3.866603054,0
Amanaka Zone,1/2/2024 14:05,38892.19553,35302.24344,129.6406518,3.106434621,0
Shankar Nagar Zone,1/2/2024 14:10,32894.14108,31347.67384,109.6471369,2.562485228,0
Pandri Zone,1/2/2024 14:15,58920.62205,50346.60339,196.4020735,3.281944071,0
Tatibandh Zone,1/2/2024 14:20,26951.22748,25015.73098,89.83742494,2.680310844,0
,1/2/2024 14:25,43883.69815,41213.96474,146.2789938,2.834895078,0
Devendra Nagar Zone,1/2/2024 14:30,45401.10414,39056.96836,151.3370138,3.818882672,0
Mahadev Ghat Zone,1/2/2024 14:35,32910.23818,30873.37789,109.7007939,3.186993639,0
Telibandha Zone,1/2/2024 14:40,36303.03967,31867.6331,121.0101322,3.404937709,0
Mahadev Ghat Zone,1/2/2024 14:45,50333.52944,44404.99473,167.7784315,3.914086479,0
Gudhiyari Zone,1/2/2024 14:50,25142.15706,23359.22129,83.8071902,3.048521122,0
,1/2/2024 14:55,27430.67962,25631.53293,91.43559875,2.972720559,0
Pandri Zone,1/2/2024 15:00,56286.86294,50874.89135,187.6228765,3.017788313,0
Tatibandh Zone,1/2/2024 15:05,46054.34512,39994.76636,153.5144837,3.534999606,0
Mahadev Ghat Zone,1/2/2024 15:10,58107.03545,50722.40919,193.6901182,2.701412276,0
Mowa Zone,1/2/2024 15:15,42940.88656,40684.31229,143.1362885,3.943465304,0
Amanaka Zone,1/2/2024 15:20,35049.37374,31765.71155,116.8312458,2.74862467,0
Telibandha Zone,1/2/2024 15:25,25888.97086,25197.53428,86.29656955,3.780677383,0
Mahadev Ghat Zone,1/2/2024 15:30,59151.46793,51819.53406,197.1715598,3.567584209,0
Amanaka Zone,1/2/2024 15:35,24628.06674,24158.52515,82.0935558,2.764143207,0
Telibandha Zone,1/2/2024 15:40,32784.26668,32322.42559,109.2808889,3.547466736,0
,1/2/2024 15:45,47324.90289,43072.9354,157.7496763,3.21535016,0
Shankar Nagar Zone,1/2/2024 15:50,49723.21099,46596.16678,165.7440366,3.347627969,0
Mowa Zone,1/2/2024 15:55,39839.5636,34188.9696,132.7985453,3.065478313,0
Mahadev Ghat Zone,1/2/2024 16:00,47798.7649,41737.27368,159.3292163,3.772063134,0
Amanaka Zone,1/2/2024 16:05,26244.87991,23453.00867,87.48293304,2.253135647,1
Tatibandh Zone,1/2/2024 16:10,31727.58299,28834.75662,105.75861,3.641511885,0
Pandri Zone,1/2/2024 16:15,32417.10385,31743.46347,108.0570128,2.128402779,1
Pandri Zone,1/2/2024 16:20,23621.68256,21065.25231,78.73894186,2.860598369,0
Tatibandh Zone,1/2/2024 16:25,16620.84682,14879.07128,55.40282274,2.558394945,0
Shankar Nagar Zone,1/2/2024 16:30,34647.63854,30511.33287,115.4921285,3.372433439,0
Amanaka Zone,1/2/2024 16:35,34354.62944,30182.68702,114.5154315,2.715721525,0
Shankar Nagar Zone,1/2/2024 16:40,54999.93408,48431.05788,183.3331136,3.734741246,0
Amanaka Zone,1/2/2024 16:45,16476.43309,14716.94245,54.92144362,3.390703721,0
Amanaka Zone,1/2/2024 16:50,33423.54323,31376.03587,111.4118108,3.260380657,0
Telibandha Zone,1/2/2024 16:55,30867.11727,28128.50394,102.8903909,3.660859333,0
Mowa Zone,1/2/2024 17:00,34135.26834,30666.42442,113.7842278,2.92370864,0
Tatibandh Zone,1/2/2024 17:05,17759.893,16165.1114,59.19964335,3.385646635,0
Devendra Nagar Zone,1/2/2024 17:10,28677.41305,26386.47751,95.59137684,2.956298079,0
Gudhiyari Zone,1/2/2024 17:15,43828.60168,40591.31666,146.0953389,3.597587105,0
Mowa Zone,1/2/2024 17:20,51755.07599,46869.33552,172.51692,3.568932,0
Gudhiyari Zone,1/2/2024 17:25,24921.97956,22118.07826,83.0732652,3.108626753,0
Devendra Nagar Zone,1/2/2024 17:30,46919.43728,43258.12621,156.3981243,3.316745439,0
,1/2/2024 17:35,31276.96147,27263.41873,104.2565382,3.222801219,0
Mowa Zone,1/2/2024 17:40,38123.45089,34818.16478,127.0781696,2.653773946,0
Mahadev Ghat Zone,1/2/2024 17:45,23108.80894,21224.40764,77.02936312,2.738537506,0
,1/2/2024 17:50,53776.09067,51769.74363,179.2536356,3.593471592,0
Gudhiyari Zone,1/2/2024 17:55,59033.64608,56200.43552,196.7788203,3.003415681,0
Devendra Nagar Zone,1/2/2024 18:00,29039.28091,26348.60635,96.79760305,3.323964657,0
Shankar Nagar Zone,1/2/2024 18:05,16133.70363,15366.30522,53.77901209,3.076532558,0
Telibandha Zone,1/2/2024 18:10,25573.80322,22782.79976,85.24601075,3.156491992,0
Pandri Zone,1/2/2024 18:15,34331.81746,29428.2974,114.4393915,3.311101851,0
Amanaka Zone,1/2/2024 18:20,25202.7322,24446.09693,84.00910735,3.928700675,0
Devendra Nagar Zone,1/2/2024 18:25,51738.48532,45337.60766,172.4616177,2.974824498,0
Devendra Nagar Zone,1/2/2024 18:30,52477.36696,49419.34841,174.9245565,3.357618975,0
Pandri Zone,1/2/2024 18:35,27943.47281,27328.89922,93.14490936,3.323287998,0
Pandri Zone,1/2/2024 18:40,54509.30236,52362.55463,181.6976745,3.145810314,0
Telibandha Zone,1/2/2024 18:45,45844.97474,42151.17091,152.8165825,3.149150319,0
Shankar Nagar Zone,1/2/2024 18:50,50318.78203,44351.47203,167.7292734,3.973074306,0
Gudhiyari Zone,1/2/2024 18:55,59566.28019,54430.49874,198.5542673,3.401654043,0
Mahadev Ghat Zone,1/2/2024 19:00,38341.54475,34554.54247,127.8051492,2.60125382,0
Tatibandh Zone,1/2/2024 19:05,46704.94926,45695.3607,155.6831642,3.606827477,0
Amanaka Zone,1/2/2024 19:10,36736.78639,35021.07491,122.4559546,2.807999408,0
Gudhiyari Zone,1/2/2024 19:15,41791.18476,41253.44273,139.3039492,2.71591287,0
Tatibandh Zone,1/2/2024 19:20,41957.00642,38494.38342,139.8566881,2.638100479,0
Telibandha Zone,1/2/2024 19:25,31796.69165,31045.75932,105.9889722,3.555688466,0
Gudhiyari Zone,1/2/2024 19:30,27199.33142,26800.56298,90.66443806,2.969361091,0
,1/2/2024 19:35,42551.61678,38760.93996,141.8387226,3.173627118,0
Mahadev Ghat Zone,1/2/2024 19:40,46551.28175,44146.87605,155.1709392,3.381378807,0
Shankar Nagar Zone,1/2/2024 19:45,39389.55337,34852.05126,131.2985112,3.904400709,0
,1/2/2024 19:50,24660.05388,22742.66799,82.2001796,3.609112345,0
Telibandha Zone,1/2/2024 19:55,48677.29574,47212.2458,162.2576525,2.638938225,0
Tatibandh Zone,1/2/2024 20:00,59831.80289,50876.49918,199.439343,3.15757747,0
Telibandha Zone,1/2/2024 20:05,19112.61688,16888.57869,63.70872295,3.571079085,0
Pandri Zone,1/2/2024 20:10,27186.28476,23897.10523,90.62094921,2.821609724,0
Amanaka Zone,1/2/2024 20:15,41869.30966,37288.2922,139.5643655,2.823016572,0
Telibandha Zone,1/2/2024 20:20,52034.27123,50144.39486,173.4475708,3.707635478,0
,1/2/2024 20:25,26401.07265,24820.9472,88.00357551,3.27041657,0
Pandri Zone,1/2/2024 20:30,41300.20094,35723.49133,137.6673365,3.881149913,0
Gudhiyari Zone,1/2/2024 20:35,16575.35617,14569.65838,55.25118722,3.789735753,0
Gudhiyari Zone,1/2/2024 20:40,34914.54817,30792.7116,116.3818272,3.141402001,0
Telibandha Zone,1/2/2024 20:45,50329.39713,46229.6732,167.7646571,3.250120177,0
Devendra Nagar Zone,1/2/2024 20:50,37099.30782,35150.90769,123.6643594,2.584264116,0
Gudhiyari Zone,1/2/2024 20:55,26710.64691,23225.81552,89.0354897,3.482760572,0
,1/2/2024 21:00,48604.94878,45505.73234,162.0164959,3.913796961,0
Shankar Nagar Zone,1/2/2024 21:05,28941.30939,26512.56266,96.4710313,2.933781169,0
Mowa Zone,1/2/2024 21:10,18448.61129,16809.67666,61.49537097,3.613796249,0
Devendra Nagar Zone,1/2/2024 21:15,29703.41439,26061.75746,99.0113813,3.929222526,0
Pandri Zone,1/2/2024 21:20,55660.12995,52758.48466,185.5337665,2.977913444,0
Tatibandh Zone,1/2/2024 21:25,45462.33523,42442.69293,151.5411174,3.788225157,0
Tatibandh Zone,1/2/2024 21:30,28317.43,25408.94203,94.39143333,2.51987655,0
Shankar Nagar Zone,1/2/2024 21:35,20289.80851,18691.68607,67.63269502,2.844397241,0
Gudhiyari Zone,1/2/2024 21:40,28355.40069,26069.74614,94.5180023,3.684148291,0
,1/2/2024 21:45,20467.2926,18301.32116,68.22430866,3.822493723,0
,1/2/2024 21:50,26040.85414,24038.22259,86.80284712,3.411629025,0
Mahadev Ghat Zone,1/2/2024 21:55,40059.52994,36894.79773,133.5317665,3.424450729,0
,1/2/2024 22:00,48911.75838,47650.70118,163.0391946,3.117797111,0
Pandri Zone,1/2/2024 22:05,38962.68299,34353.66334,129.87561,3.447128382,0
Devendra Nagar Zone,1/2/2024 22:10,46143.31412,43247.91434,153.8110471,2.714262947,0
Devendra Nagar Zone,1/2/2024 22:15,57814.89129,50997.58087,192.7163043,3.659480082,0
Amanaka Zone,1/2/2024 22:20,43279.19055,39623.50434,144.2639685,3.341017442,0
Tatibandh Zone,1/2/2024 22:25,52625.29664,44898.39894,175.4176555,3.303484899,0
Amanaka Zone,1/2/2024 22:30,38920.98285,34167.31056,129.7366095,2.92826317,0
Amanaka Zone,1/2/2024 22:35,33438.26564,28636.63324,111.4608855,2.520051525,0
Telibandha Zone,1/2/2024 22:40,54480.77039,53402.6646,181.602568,2.600460418,0
Shankar Nagar Zone,1/2/2024 22:45,18334.74402,16940.68743,61.11581339,3.472477011,0
,1/2/2024 22:50,24905.00967,21512.54782,83.01669889,2.981743229,0
Shankar Nagar Zone,1/2/2024 22:55,47523.19885,45037.9858,158.4106628,3.19635778,0
Telibandha Zone,1/2/2024 23:00,36779.52157,35610.29746,122.5984052,3.492526433,0
Tatibandh Zone,1/2/2024 23:05,34173.19399,30356.13801,113.9106466,3.37152264,0
,1/2/2024 23:10,15658.27165,14824.62645,52.19423883,3.637752821,0
Tatibandh Zone,1/2/2024 23:15,32583.98185,30689.97179,108.6132728,3.02044399,0
Mowa Zone,1/2/2024 23:20,55010.75658,49035.54332,183.3691886,3.481199106,0
,1/2/2024 23:25,47074.99543,41130.38082,156.9166514,3.122456823,0
Telibandha Zone,1/2/2024 23:30,55852.73312,48026.32949,186.1757771,3.137276264,0
Telibandha Zone,1/2/2024 23:35,34973.66348,30679.22634,116.5788783,2.700475872,0
Gudhiyari Zone,1/2/2024 23:40,43654.27727,39544.15825,145.5142576,3.299877099,0
Mowa Zone,1/2/2024 23:45,24842.20258,22578.00406,82.80734195,3.541961438,0
Shankar Nagar Zone,1/2/2024 23:50,59248.75456,55302.92976,197.4958485,3.192284391,0
Pandri Zone,1/2/2024 23:55,16401.70918,16065.91508,54.67236392,3.14851934,0
Amanaka Zone,1/3/2024 0:00,43351.79453,38982.22743,144.5059818,3.736490338,0
Mahadev Ghat Zone,1/3/2024 0:05,55543.24031,47387.90623,185.1441344,2.987935928,0
Pandri Zone,1/3/2024 0:10,22737.43986,20076.04799,75.7914662,2.437830489,1
,1/3/2024 0:15,35962.1589,32829.75207,119.873863,2.508577872,0
Amanaka Zone,1/3/2024 0:20,31219.20722,27022.39245,104.0640241,2.533638834,0
Mowa Zone,1/3/2024 0:25,15647.16507,13893.1089,52.15721691,2.84802727,0
Devendra Nagar Zone,1/3/2024 0:30,42878.679,38462.12933,142.92893,3.755679442,0
,1/3/2024 0:35,18119.77487,16600.63496,60.39924956,3.085890411,0
Tatibandh Zone,1/3/2024 0:40,41858.33446,39772.19295,139.5277815,2.843313194,0
Mowa Zone,1/3/2024 0:45,36117.83523,33760.35789,120.3927841,3.44960898,0
,1/3/2024 0:50,41692.11986,37710.56628,138.9737329,3.572650242,0
Devendra Nagar Zone,1/3/2024 0:55,19952.84779,19146.37174,66.50949263,3.795462132,0
Tatibandh Zone,1/3/2024 1:00,27387.96961,23322.27259,91.29323202,3.472958435,0
Mahadev Ghat Zone,1/3/2024 1:05,35482.73963,35036.04778,118.2757988,3.557708718,0
Shankar Nagar Zone,1/3/2024 1:10,16123.48,15756.21305,53.74493332,3.528093015,0
Shankar Nagar Zone,1/3/2024 1:15,39117.07855,33548.75085,130.3902618,3.94138022,0
Mowa Zone,1/3/2024 1:20,43915.99246,38103.77243,146.3866415,3.750687926,0
Gudhiyari Zone,1/3/2024 1:25,17993.74237,15876.09101,59.97914123,3.553960309,0
Devendra Nagar Zone,1/3/2024 1:30,44657.04346,41384.07495,148.8568115,3.824372225,0
Mowa Zone,1/3/2024 1:35,54806.24818,51957.07128,182.6874939,3.700110148,0
Pandri Zone,1/3/2024 1:40,58802.21786,51569.01486,196.0073929,3.4339458,0
Shankar Nagar Zone,1/3/2024 1:45,34592.71408,32597.14159,115.3090469,3.021260624,0
Amanaka Zone,1/3/2024 1:50,50523.42399,43032.77746,168.4114133,3.327815705,0
Telibandha Zone,1/3/2024 1:55,19544.01481,19275.13437,65.14671602,2.902843251,0
Tatibandh Zone,1/3/2024 2:00,34788.32189,30122.57272,115.961073,3.951642198,0
Mahadev Ghat Zone,1/3/2024 2:05,15923.43666,14251.98435,53.07812221,2.829560186,0
Shankar Nagar Zone,1/3/2024 2:10,51406.06381,49319.04471,171.353546,2.815760409,0
Mahadev Ghat Zone,1/3/2024 2:15,36804.20978,32536.15309,122.6806993,2.624105253,0
Mowa Zone,1/3/2024 2:20,50125.02121,44401.51668,167.083404,3.217744174,0
Devendra Nagar Zone,1/3/2024 2:25,35681.28257,32726.72072,118.9376086,2.623408486,0
Mahadev Ghat Zone,1/3/2024 2:30,37723.3799,32886.29514,125.7445997,1.520604967,1
Devendra Nagar Zone,1/3/2024 2:35,59525.30089,53245.54907,198.4176696,3.760162118,0
Telibandha Zone,1/3/2024 2:40,44522.47599,39287.28592,148.4082533,3.206301034,0
Tatibandh Zone,1/3/2024 2:45,33306.21604,30451.67087,111.0207201,3.789692012,0
Mahadev Ghat Zone,1/3/2024 2:50,57815.01715,53421.16076,192.7167238,2.794628824,0
,1/3/2024 2:55,33124.9125,29691.73987,110.416375,3.804409124,0
Gudhiyari Zone,1/3/2024 3:00,53461.65525,52425.33328,178.2055175,2.697480383,0
Gudhiyari Zone,1/3/2024 3:05,27856.84054,23766.35016,92.85613515,3.738566427,0
Tatibandh Zone,1/3/2024 3:10,26375.92998,23723.0233,87.9197666,3.678464655,0
Mowa Zone,1/3/2024 3:15,45274.40765,44117.57141,150.9146922,2.76268471,0
Devendra Nagar Zone,1/3/2024 3:20,48825.42774,45276.13483,162.7514258,3.383399612,0
Shankar Nagar Zone,1/3/2024 3:25,21842.18553,18806.42409,72.80728511,3.625398646,0
,1/3/2024 3:30,57682.63244,52966.21741,192.2754415,2.855627063,0
Devendra Nagar Zone,1/3/2024 3:35,49763.23287,42430.96056,165.8774429,2.509652817,0
Pandri Zone,1/3/2024 3:40,57082.7439,54321.30592,190.275813,3.556124907,0
Mowa Zone,1/3/2024 3:45,17045.36252,15124.02948,56.81787507,3.644340003,0
Shankar Nagar Zone,1/3/2024 3:50,37557.40401,33024.58922,125.1913467,3.264781014,0
Shankar Nagar Zone,1/3/2024 3:55,59837.92322,53842.89596,199.4597441,3.892575258,0
Pandri Zone,1/3/2024 4:00,56173.46393,52025.39729,187.2448798,3.660071572,0
Mahadev Ghat Zone,1/3/2024 4:05,17498.62648,16903.94982,58.32875492,2.799761907,0
,1/3/2024 4:10,40460.16997,37156.49528,134.8672332,3.516089695,0
Mowa Zone,1/3/2024 4:15,34400.05823,30075.72542,114.6668608,3.624139009,0
Mahadev Ghat Zone,1/3/2024 4:20,58267.15461,54398.50138,194.2238487,2.545155808,0
Pandri Zone,1/3/2024 4:25,23653.94532,22417.00618,78.84648441,3.480075248,0
Shankar Nagar Zone,1/3/2024 4:30,27485.91059,25900.11033,91.61970196,3.608600464,0
Pandri Zone,1/3/2024 4:35,43021.02934,39582.81685,143.4034311,3.559369244,0
Mahadev Ghat Zone,1/3/2024 4:40,68548.31923,64005.95497,228.4943974,2.36229456,1
Telibandha Zone,1/3/2024 4:45,17781.38073,15876.01364,59.2712691,3.892945843,0
Mahadev Ghat Zone,1/3/2024 4:50,35195.04618,30809.3862,117.3168206,3.012137904,0
Gudhiyari Zone,1/3/2024 4:55,48802.97116,46115.70901,162.6765705,3.492870449,0
Mowa Zone,1/3/2024 5:00,57368.98096,51657.94701,191.2299365,2.672195391,0
,1/3/2024 5:05,53525.96246,47898.63508,178.4198749,3.575680853,0
Devendra Nagar Zone,1/3/2024 5:10,34802.61209,31558.99594,116.008707,2.660585768,0
Shankar Nagar Zone,1/3/2024 5:15,20395.09921,19228.79399,67.98366402,3.746423757,0
,1/3/2024 5:20,41823.68799,38458.398,139.4122933,2.949913105,0
Mowa Zone,1/3/2024 5:25,17036.21351,15783.76211,56.78737835,3.032697472,0
Mowa Zone,1/3/2024 5:30,40497.23665,36103.98225,134.9907888,3.731471526,0
Tatibandh Zone,1/3/2024 5:35,18723.03178,17859.05542,62.41010594,3.913988765,0
Mowa Zone,1/3/2024 5:40,20341.9093,17570.98076,67.80636433,3.195972547,0
Telibandha Zone,1/3/2024 5:45,16459.95507,14759.25406,54.86651691,3.608300016,0
,1/3/2024 5:50,48667.23719,41633.4429,162.224124,3.684238448,0
Tatibandh Zone,1/3/2024 5:55,50192.28462,49266.75971,167.3076154,2.547667727,0
Tatibandh Zone,1/3/2024 6:00,35606.80475,30279.43889,118.6893492,3.538016884,0
,1/3/2024 6:05,52059.8502,51159.32301,173.532834,3.03881312,0
Mahadev Ghat Zone,1/3/2024 6:10,17330.36499,15489.94377,57.76788331,2.73745585,0
Gudhiyari Zone,1/3/2024 6:15,23220.25729,22743.37003,77.40085764,3.348532258,0
Pandri Zone,1/3/2024 6:20,24191.10415,22239.27365,80.63701384,2.913636107,0
Devendra Nagar Zone,1/3/2024 6:25,16469.65774,15769.80635,54.89885912,3.297358229,0
Telibandha Zone,1/3/2024 6:30,40298.4965,36959.55641,134.3283217,3.956726361,0
Devendra Nagar Zone,1/3/2024 6:35,49810.74458,46876.95084,166.0358153,3.26845052,0
Shankar Nagar Zone,1/3/2024 6:40,33144.34903,32788.7929,110.4811634,3.325995069,0
Pandri Zone,1/3/2024 6:45,58301.7651,51693.21739,194.339217,3.848890538,0
Mowa Zone,1/3/2024 6:50,32786.66919,32331.68445,109.2888973,2.605162209,0
Shankar Nagar Zone,1/3/2024 6:55,22569.16451,21635.89451,75.23054836,3.128774314,0
Mahadev Ghat Zone,1/3/2024 7:00,26805.43351,23519.38044,89.35144502,3.953011908,0
Amanaka Zone,1/3/2024 7:05,29246.4042,25037.71606,97.48801399,3.069425147,0
Telibandha Zone,1/3/2024 7:10,34280.60567,30951.60683,114.2686856,3.516157107,0
Mowa Zone,1/3/2024 7:15,57442.86703,53556.53636,191.4762234,2.512088655,0
Gudhiyari Zone,1/3/2024 7:20,52989.55464,45256.90025,176.6318488,2.876753901,0
Shankar Nagar Zone,1/3/2024 7:25,54795.98177,54234.73379,182.6532726,2.82280672,0
Shankar Nagar Zone,1/3/2024 7:30,25525.36192,23383.17932,85.08453972,2.986518712,0
Amanaka Zone,1/3/2024 7:35,59475.43651,54393.787,198.251455,1.206346397,1
Devendra Nagar Zone,1/3/2024 7:40,34394.27559,32642.83459,114.6475853,3.189476229,0
Mowa Zone,1/3/2024 7:45,39590.63438,35384.84578,131.9687813,2.960824626,0
Tatibandh Zone,1/3/2024 7:50,47590.46464,41822.6122,158.6348821,3.695816609,0
Tatibandh Zone,1/3/2024 7:55,42110.22489,38603.03861,140.3674163,3.492578024,0
Mowa Zone,1/3/2024 8:00,28707.10601,26508.18631,95.69035337,3.922377307,0
Tatibandh Zone,1/3/2024 8:05,17278.01125,16410.3554,57.59337084,3.129441074,0
Mowa Zone,1/3/2024 8:10,57604.02158,51984.4821,192.0134053,3.596736017,0
,1/3/2024 8:15,32895.79865,32125.86906,109.6526622,3.382528331,0
Mahadev Ghat Zone,1/3/2024 8:20,31862.48867,27618.30788,106.2082956,3.856364937,0
Pandri Zone,1/3/2024 8:25,29289.95609,25563.1506,97.63318698,2.832672967,0
Shankar Nagar Zone,1/3/2024 8:30,30185.44255,25849.19819,100.6181418,3.175087959,0
,1/3/2024 8:35,54178.52467,50085.83957,180.5950822,3.494194411,0
Shankar Nagar Zone,1/3/2024 8:40,40739.81452,38898.19302,135.7993817,2.742051038,0
Shankar Nagar Zone,1/3/2024 8:45,30595.14419,26800.57829,101.983814,3.600858066,0
Gudhiyari Zone,1/3/2024 8:50,32635.97533,28373.07169,108.7865844,2.552009056,0
Shankar Nagar Zone,1/3/2024 8:55,55306.04749,48965.98459,184.3534916,3.829129163,0
Gudhiyari Zone,1/3/2024 9:00,50573.42296,44684.06359,168.5780765,3.812677067,0
Mowa Zone,1/3/2024 9:05,48207.79263,42167.15086,160.6926421,2.734475456,0
Telibandha Zone,1/3/2024 9:10,35003.77139,30928.75142,116.679238,2.545031998,0
Amanaka Zone,1/3/2024 9:15,53974.56954,51119.89205,179.9152318,3.366710575,0
Shankar Nagar Zone,1/3/2024 9:20,42844.74347,39629.18409,142.8158116,3.169662883,0
Devendra Nagar Zone,1/3/2024 9:25,46008.94442,44285.33684,153.3631481,3.901649558,0
,1/3/2024 9:30,26411.28526,24932.90084,88.03761755,3.285400821,0
Mowa Zone,1/3/2024 9:35,26386.18534,22558.26627,87.95395114,3.648045046,0
Mahadev Ghat Zone,1/3/2024 9:40,58372.04224,49716.77931,194.5734741,2.63990717,0
Gudhiyari Zone,1/3/2024 9:45,45713.96068,44001.21088,152.3798689,3.40472518,0
Tatibandh Zone,1/3/2024 9:50,35883.00102,33842.80822,119.6100034,2.527579213,0
Gudhiyari Zone,1/3/2024 9:55,17697.44854,15794.72398,58.99149513,2.828070833,0
Tatibandh Zone,1/3/2024 10:00,23255.35805,20268.77872,77.51786017,3.995363828,0
,1/3/2024 10:05,18671.9424,17331.37425,62.239808,2.520523622,0
Pandri Zone,1/3/2024 10:10,47591.45374,46563.86664,158.6381791,3.5092707,0
Telibandha Zone,1/3/2024 10:15,55067.29444,49647.64716,183.5576481,2.57562516,0
,1/3/2024 10:20,52791.91585,50402.98863,175.9730528,3.320044492,0
Gudhiyari Zone,1/3/2024 10:25,47162.34751,41671.03219,157.207825,2.714922188,0
Shankar Nagar Zone,1/3/2024 10:30,28854.88719,26552.51506,96.1829573,3.408221876,0
Devendra Nagar Zone,1/3/2024 10:35,27237.95517,24201.2836,90.79318391,2.501668141,0
Devendra Nagar Zone,1/3/2024 10:40,47795.01245,46141.0856,159.3167082,2.524365165,0
Devendra Nagar Zone,1/3/2024 10:45,51604.5517,48800.73551,172.0151723,2.689406706,0
Mowa Zone,1/3/2024 10:50,33091.22476,30885.8039,110.3040825,2.655151172,0
Pandri Zone,1/3/2024 10:55,29522.69577,28861.38787,98.40898591,2.520451036,0
Mahadev Ghat Zone,1/3/2024 11:00,52062.28894,50956.20331,173.5409631,3.841606583,0
Gudhiyari Zone,1/3/2024 11:05,59497.59891,51916.77438,198.3253297,3.499401792,0
Devendra Nagar Zone,1/3/2024 11:10,52337.52898,46703.76435,174.4584299,2.621557916,0
Amanaka Zone,1/3/2024 11:15,35871.64124,35357.39899,119.5721375,3.83697731,0
Telibandha Zone,1/3/2024 11:20,45698.62602,42512.526,152.3287534,3.508760894,0
Amanaka Zone,1/3/2024 11:25,20380.2899,18089.24538,67.93429966,3.499925627,0
Amanaka Zone,1/3/2024 11:30,47861.21353,44047.7684,159.5373784,3.249938488,0
Gudhiyari Zone,1/3/2024 11:35,37142.45202,36750.94195,123.8081734,2.961294693,0
Mahadev Ghat Zone,1/3/2024 11:40,19862.00517,18440.12497,66.20668391,3.945219921,0
Shankar Nagar Zone,1/3/2024 11:45,52458.77325,50847.05999,174.8625775,3.477851298,0
,1/3/2024 11:50,56964.50652,50460.44053,189.8816884,2.943497559,0
Shankar Nagar Zone,1/3/2024 11:55,42613.70563,37066.2961,142.0456854,2.961656358,0
Gudhiyari Zone,1/3/2024 12:00,21433.09264,20045.80804,71.44364213,2.807886315,1
Amanaka Zone,1/3/2024 12:05,15942.0353,14116.58853,53.14011767,3.867008785,0
Gudhiyari Zone,1/3/2024 12:10,58494.63824,57163.33636,194.9821275,2.95452626,0
,1/3/2024 12:15,57062.8462,56051.39603,190.2094873,3.118419592,0
Tatibandh Zone,1/3/2024 12:20,17791.65436,15521.74032,59.30551454,3.066758821,0
Pandri Zone,1/3/2024 12:25,20136.29862,19738.81303,67.1209954,2.659505946,0
Tatibandh Zone,1/3/2024 12:30,32427.34851,29730.5111,108.0911617,3.122238483,0
Gudhiyari Zone,1/3/2024 12:35,33673.21962,31141.73748,112.2440654,3.183074703,0
,1/3/2024 12:40,42081.30303,39099.42726,140.2710101,3.216124284,0
Pandri Zone,1/3/2024 12:45,45402.95893,42314.94743,151.3431964,2.743806981,0
Shankar Nagar Zone,1/3/2024 12:50,41785.33797,40034.97835,139.2844599,3.328549207,0
Amanaka Zone,1/3/2024 12:55,38848.66535,35564.60495,129.4955512,2.943201887,0
Amanaka Zone,1/3/2024 13:00,34474.7168,29894.11618,114.9157227,2.727168283,0
,1/3/2024 13:05,37612.08946,32330.44389,125.3736315,3.204873058,0
Shankar Nagar Zone,1/3/2024 13:10,27468.11624,25610.58713,91.56038746,3.67520434,0
Devendra Nagar Zone,1/3/2024 13:15,32736.12211,29195.57803,109.120407,2.988527203,0
Telibandha Zone,1/3/2024 13:20,57117.17617,52584.77402,190.3905872,3.370967839,0
Gudhiyari Zone,1/3/2024 13:25,30383.12785,26374.88533,101.2770928,3.42689734,0
Mowa Zone,1/3/2024 13:30,43978.04608,42594.20511,146.5934869,3.15978346,0
Telibandha Zone,1/3/2024 13:35,24734.97499,24111.91919,82.44991664,3.074823049,0
Shankar Nagar Zone,1/3/2024 13:40,26901.23175,23136.9643,89.6707725,2.799117397,0
Gudhiyari Zone,1/3/2024 13:45,35042.39367,30469.68716,116.8079789,3.199174439,0
Devendra Nagar Zone,1/3/2024 13:50,24921.94377,21334.14737,83.07314591,3.407634278,0
Mowa Zone,1/3/2024 13:55,49366.15212,45708.84027,164.5538404,3.40653898,0
Devendra Nagar Zone,1/3/2024 14:00,22351.50413,20334.20662,74.50501376,3.162750557,0
Gudhiyari Zone,1/3/2024 14:05,53466.26005,49695.82667,178.2208668,3.077653904,0
,1/3/2024 14:10,37756.35347,33137.43911,125.8545116,2.717990039,0
Amanaka Zone,1/3/2024 14:15,40104.3154,38146.47899,133.6810513,3.817050269,0
Gudhiyari Zone,1/3/2024 14:20,55624.37046,55052.7504,185.4145682,3.733508667,0
Mahadev Ghat Zone,1/3/2024 14:25,18473.43886,15989.15876,61.57812953,2.944918723,0
Tatibandh Zone,1/3/2024 14:30,17659.76194,15640.05901,58.86587313,2.749112279,0
Telibandha Zone,1/3/2024 14:35,22644.26675,20442.19499,75.48088916,3.508584719,0
Tatibandh Zone,1/3/2024 14:40,16080.22702,14719.52335,53.60075673,3.123164501,0
Amanaka Zone,1/3/2024 14:45,39743.88803,37636.1715,132.4796268,3.951704106,0
Mowa Zone,1/3/2024 14:50,23056.42368,22020.08088,76.85474562,2.645448506,0
Telibandha Zone,1/3/2024 14:55,50173.46511,48796.71955,167.2448837,2.997979707,0
Amanaka Zone,1/3/2024 15:00,25830.17316,24902.19289,86.10057721,3.98877193,0
Tatibandh Zone,1/3/2024 15:05,48285.7304,46807.6494,160.9524347,3.446076167,0
Devendra Nagar Zone,1/3/2024 15:10,47920.29538,41927.57136,159.7343179,2.908975971,0
Pandri Zone,1/3/2024 15:15,55056.21241,51652.16013,183.520708,3.935795445,0
Devendra Nagar Zone,1/3/2024 15:20,32942.96761,29794.05291,109.809892,1.016991861,1
Gudhiyari Zone,1/3/2024 15:25,55816.88822,53816.03841,186.0562941,3.819402245,0
Devendra Nagar Zone,1/3/2024 15:30,33827.529,33374.11985,112.75843,3.22570381,0
Pandri Zone,1/3/2024 15:35,23946.63274,23045.12984,79.82210914,3.48385497,0
Mahadev Ghat Zone,1/3/2024 15:40,36286.23765,35716.31099,120.9541255,2.881810814,0
Mowa Zone,1/3/2024 15:45,50830.96243,47469.30167,169.4365414,3.351086416,0
Devendra Nagar Zone,1/3/2024 15:50,56038.18129,47731.13853,186.7939376,2.975958216,0
,1/3/2024 15:55,37330.76499,32525.7092,124.4358833,2.509696537,0
Telibandha Zone,1/3/2024 16:00,22848.41702,21296.53421,76.16139007,3.912211356,0
Pandri Zone,1/3/2024 16:05,20641.89072,18388.08761,68.80630239,3.042470642,0
Pandri Zone,1/3/2024 16:10,40970.26871,35401.49259,136.5675624,3.792497327,0
Amanaka Zone,1/3/2024 16:15,28308.64032,25501.47619,94.36213439,3.417469629,0
Mahadev Ghat Zone,1/3/2024 16:20,28788.69522,26961.51053,95.9623174,2.870285541,0
Tatibandh Zone,1/3/2024 16:25,18950.47067,17685.93292,63.16823556,2.622362388,0
Mahadev Ghat Zone,1/3/2024 16:30,51533.97558,48636.19328,171.7799186,3.100469254,0
Tatibandh Zone,1/3/2024 16:35,26969.89619,26097.23071,89.89965396,2.940302189,0
Mowa Zone,1/3/2024 16:40,73693.29351,64345.62609,245.6443117,1.727151256,1
Mahadev Ghat Zone,1/3/2024 16:45,29388.44379,26278.92511,97.96147931,3.457733177,0
Mowa Zone,1/3/2024 16:50,53660.02909,52403.74223,178.8667636,2.70718794,0
Mahadev Ghat Zone,1/3/2024 16:55,38049.66185,37110.15844,126.8322062,2.560433419,0
Devendra Nagar Zone,1/3/2024 17:00,32367.27799,30487.34821,107.8909266,2.625587407,0
Telibandha Zone,1/3/2024 17:05,17450.97213,16800.05762,58.16990711,2.992837225,0
,1/3/2024 17:10,31513.26332,29478.54297,105.0442111,3.589166889,0
Mowa Zone,1/3/2024 17:15,33239.64123,28764.0066,110.7988041,2.848337036,0
Mahadev Ghat Zone,1/3/2024 17:20,50777.61079,47364.15563,169.2587026,3.737817057,0
Amanaka Zone,1/3/2024 17:25,31950.43982,30033.20422,106.5014661,3.934437822,0
Mahadev Ghat Zone,1/3/2024 17:30,18708.26873,17362.19409,62.36089578,3.718586086,0
Devendra Nagar Zone,1/3/2024 17:35,49409.29277,48814.11156,164.6976426,3.785846406,0
Tatibandh Zone,1/3/2024 17:40,45121.06429,44043.80332,150.4035476,2.580658467,0
Amanaka Zone,1/3/2024 17:45,15231.28324,14643.57589,50.77094414,2.765690716,0
Devendra Nagar Zone,1/3/2024 17:50,51537.58056,44202.02465,171.7919352,3.627737719,0
Tatibandh Zone,1/3/2024 17:55,41902.79941,40042.08997,139.675998,3.979844671,0
Amanaka Zone,1/3/2024 18:00,17413.56562,17175.30157,58.04521873,2.753287695,0
Devendra Nagar Zone,1/3/2024 18:05,52639.89866,46243.75188,175.4663289,2.752417883,0
Tatibandh Zone,1/3/2024 18:10,43055.54592,41963.46049,143.5184864,2.310685973,1
Pandri Zone,1/3/2024 18:15,21266.10801,18943.44985,70.88702669,2.956362796,0
Gudhiyari Zone,1/3/2024 18:20,53812.34283,49476.09239,179.3744761,3.024694093,0
Tatibandh Zone,1/3/2024 18:25,65553.31982,62518.04739,218.5110661,1.528540744,1
Tatibandh Zone,1/3/2024 18:30,22535.6885,19885.88821,75.11896168,2.757394551,0
Tatibandh Zone,1/3/2024 18:35,59223.27934,53176.92181,197.4109311,2.707557392,0
Mahadev Ghat Zone,1/3/2024 18:40,36059.12081,32423.2228,120.1970694,3.295093683,0
Telibandha Zone,1/3/2024 18:45,33853.63982,29377.04091,112.8454661,3.473120671,0
Mowa Zone,1/3/2024 18:50,48586.32979,47359.77394,161.9544326,3.491197795,0
Amanaka Zone,1/3/2024 18:55,24190.89479,22178.66656,80.63631596,2.58209906,0
Shankar Nagar Zone,1/3/2024 19:00,27662.6842,23807.22563,92.20894733,3.269469025,0
Pandri Zone,1/3/2024 19:05,56796.35823,48585.1505,189.3211941,3.586043783,0
Telibandha Zone,1/3/2024 19:10,48481.28612,47156.59862,161.6042871,2.609505389,0
Gudhiyari Zone,1/3/2024 19:15,25468.64873,22338.44078,84.89549576,2.662043436,0
Mahadev Ghat Zone,1/3/2024 19:20,30356.00024,26337.71722,101.1866675,3.703602677,0
Telibandha Zone,1/3/2024 19:25,15445.9813,15252.85026,51.48660432,3.799053513,0
Mahadev Ghat Zone,1/3/2024 19:30,40309.32184,39295.48473,134.3644061,2.981086787,0
Pandri Zone,1/3/2024 19:35,19381.51022,17326.70722,64.60503407,3.786295912,0
,1/3/2024 19:40,51849.11717,47299.3459,172.8303906,2.852131633,0
Pandri Zone,1/3/2024 19:45,21165.94095,19855.38687,70.55313651,3.927095293,0
Tatibandh Zone,1/3/2024 19:50,33782.7652,32993.44344,112.6092173,2.937041609,0
Amanaka Zone,1/3/2024 19:55,19806.03168,18220.64723,66.0201056,2.995233925,0
Pandri Zone,1/3/2024 20:00,45330.78907,42717.62217,151.1026302,2.971943363,0
Devendra Nagar Zone,1/3/2024 20:05,18174.10369,17048.57703,60.58034564,2.68576904,0
Gudhiyari Zone,1/3/2024 20:10,57995.16861,49317.36553,193.3172287,2.616784779,0
Gudhiyari Zone,1/3/2024 20:15,38030.12055,36014.96463,126.7670685,2.519843219,0
Tatibandh Zone,1/3/2024 20:20,59135.72124,52215.92017,197.1190708,3.704471952,0
Shankar Nagar Zone,1/3/2024 20:25,35045.38184,32873.06889,116.8179395,3.631805374,0
Pandri Zone,1/3/2024 20:30,50839.82527,47185.17773,169.4660842,3.255017696,0
Mowa Zone,1/3/2024 20:35,50690.78421,50146.70168,168.9692807,3.102246416,0
Devendra Nagar Zone,1/3/2024 20:40,58632.71725,50027.2551,195.4423908,2.891377869,0
Tatibandh Zone,1/3/2024 20:45,37665.98742,36221.4747,125.5532914,3.558934355,0
,1/3/2024 20:50,43285.48803,42665.49259,144.2849601,3.651954967,0
Devendra Nagar Zone,1/3/2024 20:55,43144.50526,42609.94369,143.8150175,3.83120341,0
Shankar Nagar Zone,1/3/2024 21:00,31018.09981,27983.41193,103.393666,3.453467983,0
Pandri Zone,1/3/2024 21:05,58548.42712,49807.50283,195.1614237,3.138996279,0
Tatibandh Zone,1/3/2024 21:10,49168.98848,44114.14229,163.8966283,3.289123778,0
,1/3/2024 21:15,19943.84012,18621.07335,66.47946706,2.770237972,0
Gudhiyari Zone,1/3/2024 21:20,40910.36382,39317.99738,136.3678794,2.608415421,0
Mowa Zone,1/3/2024 21:25,18626.13655,17462.94121,62.08712184,3.080210863,0
Mowa Zone,1/3/2024 21:30,32877.21628,30830.35099,109.5907209,3.773385804,0
Pandri Zone,1/3/2024 21:35,58462.45439,55822.20019,194.874848,2.74254183,0
Devendra Nagar Zone,1/3/2024 21:40,18642.91813,16680.96334,62.14306042,2.923551879,0
Telibandha Zone,1/3/2024 21:45,55060.64798,48141.0122,183.5354933,2.801895682,0
Mahadev Ghat Zone,1/3/2024 21:50,54640.28222,47419.69672,182.1342741,3.396143864,0
Mowa Zone,1/3/2024 21:55,18919.91803,18523.94339,63.06639342,3.808938828,0
Pandri Zone,1/3/2024 22:00,37007.17802,34084.76963,123.3572601,3.167278649,0
Pandri Zone,1/3/2024 22:05,29048.63477,27216.2625,96.82878257,3.146287413,0
Mahadev Ghat Zone,1/3/2024 22:10,57344.65452,49693.45036,191.1488484,3.6909027,0
Gudhiyari Zone,1/3/2024 22:15,17306.85566,15374.86894,57.68951888,3.092580007,0
Devendra Nagar Zone,1/3/2024 22:20,43563.48635,39340.75672,145.2116212,3.035473644,0
,1/3/2024 22:25,36811.02826,34372.60685,122.7034275,3.394650932,0
Shankar Nagar Zone,1/3/2024 22:30,58071.06746,51383.29578,193.5702249,3.57268753,0
Pandri Zone,1/3/2024 22:35,26347.77949,24561.44131,87.82593162,3.560918368,0
Shankar Nagar Zone,1/3/2024 22:40,15993.86304,15373.39132,53.3128768,2.580672946,0
Telibandha Zone,1/3/2024 22:45,47765.23968,47216.87136,159.2174656,2.72971675,0
Shankar Nagar Zone,1/3/2024 22:50,28923.57577,27826.01247,96.41191923,3.127436667,0
Shankar Nagar Zone,1/3/2024 22:55,29752.9277,27701.91427,99.17642568,2.679071517,0
Devendra Nagar Zone,1/3/2024 23:00,41276.36802,37848.07427,137.5878934,3.33324592,0
Devendra Nagar Zone,1/3/2024 23:05,23181.79438,22064.64941,77.27264793,3.77132145,0
Mowa Zone,1/3/2024 23:10,21324.62076,18679.83974,71.0820692,2.678659804,0
Tatibandh Zone,1/3/2024 23:15,53607.07113,51701.7339,178.6902371,3.339616992,0
,1/3/2024 23:20,38741.4588,36521.98261,129.138196,3.895247804,0
Pandri Zone,1/3/2024 23:25,51520.7402,49221.91416,171.7358007,3.687836986,0
Telibandha Zone,1/3/2024 23:30,42773.74022,37360.48567,142.5791341,3.069606107,0
Pandri Zone,1/3/2024 23:35,23270.30993,21811.96648,77.56769977,3.581698536,0
Tatibandh Zone,1/3/2024 23:40,27583.63433,25780.81033,91.94544777,3.111834413,0
Mahadev Ghat Zone,1/3/2024 23:45,32349.9104,28232.42517,107.8330347,3.661629242,0
Gudhiyari Zone,1/3/2024 23:50,30615.10509,30138.50772,102.0503503,3.337256776,0
Pandri Zone,1/3/2024 23:55,52638.70185,50194.40091,175.4623395,3.587044381,0
,1/4/2024 0:00,43058.36378,42261.82564,143.5278793,2.574492237,0
Mowa Zone,1/4/2024 0:05,42638.38099,37863.96079,142.1279366,3.277015647,0
Mahadev Ghat Zone,1/4/2024 0:10,35556.80121,30780.46595,118.5226707,3.625229844,0
Tatibandh Zone,1/4/2024 0:15,17787.59334,16992.03774,59.29197779,3.653120697,0
Shankar Nagar Zone,1/4/2024 0:20,32229.74163,30640.33467,107.4324721,3.137430279,0
Telibandha Zone,1/4/2024 0:25,33977.06779,30940.86631,113.2568926,2.893612565,0
Gudhiyari Zone,1/4/2024 0:30,30758.94065,29520.99182,102.5298022,3.480680127,0
Devendra Nagar Zone,1/4/2024 0:35,58482.3434,51102.5613,194.9411447,3.649893917,0
Mahadev Ghat Zone,1/4/2024 0:40,53168.16742,47657.86583,177.2272247,3.275814142,0
Gudhiyari Zone,1/4/2024 0:45,19303.83132,17745.6471,64.3461044,2.754638802,0
Mowa Zone,1/4/2024 0:50,17874.58953,15946.83539,59.58196511,2.746898911,0
,1/4/2024 0:55,19481.08711,17723.95024,64.93695703,3.272113291,0
Gudhiyari Zone,1/4/2024 1:00,15474.80051,13370.71466,51.58266837,3.54237757,0
Devendra Nagar Zone,1/4/2024 1:05,49485.62459,45837.72138,164.952082,3.372582291,0
,1/4/2024 1:10,27219.77048,26122.41063,90.73256828,3.578851629,0
Devendra Nagar Zone,1/4/2024 1:15,45437.9266,40418.57698,151.4597553,3.640600101,0
Pandri Zone,1/4/2024 1:20,55043.405,53840.81061,183.4780167,1.619930262,1
Devendra Nagar Zone,1/4/2024 1:25,20865.89085,20193.63373,69.55296951,2.813646047,0
Mowa Zone,1/4/2024 1:30,15394.97454,14898.1038,51.31658179,2.976857011,0
Tatibandh Zone,1/4/2024 1:35,56095.33588,47996.94306,186.9844529,3.307544653,0
Telibandha Zone,1/4/2024 1:40,57360.04768,48855.61904,191.2001589,3.627134976,0
Shankar Nagar Zone,1/4/2024 1:45,39930.39913,39063.49027,133.1013304,1.066342292,1
Mowa Zone,1/4/2024 1:50,25901.57209,22846.9517,86.33857364,3.098689151,0
Mahadev Ghat Zone,1/4/2024 1:55,33231.68492,28299.51554,110.7722831,3.008219532,0
Mowa Zone,1/4/2024 2:00,57645.87797,53581.72407,192.1529266,2.770986312,0
Shankar Nagar Zone,1/4/2024 2:05,21000.50103,18844.24233,70.0016701,3.233840882,0
Shankar Nagar Zone,1/4/2024 2:10,36343.88992,31966.2318,121.1462997,2.949894096,0
Mahadev Ghat Zone,1/4/2024 2:15,54795.45426,52554.66465,182.6515142,3.374960872,0
Gudhiyari Zone,1/4/2024 2:20,27704.12254,27034.91518,92.34707513,2.616224461,0
Mahadev Ghat Zone,1/4/2024 2:25,16728.03948,15795.20894,55.7601316,3.492014018,0
Telibandha Zone,1/4/2024 2:30,36009.51446,33146.02406,120.0317149,3.785253025,0
Shankar Nagar Zone,1/4/2024 2:35,28272.56208,27438.94417,94.24187361,3.908315463,0
Telibandha Zone,1/4/2024 2:40,36625.19734,35292.97984,122.0839911,3.794439435,0
,1/4/2024 2:45,40095.9911,36671.17163,133.6533037,3.739696914,0
Pandri Zone,1/4/2024 2:50,53603.60026,51613.48627,178.6786675,3.204110263,0
Shankar Nagar Zone,1/4/2024 2:55,58796.73974,55957.15073,195.9891325,3.573071526,0
Telibandha Zone,1/4/2024 3:00,15321.39368,13985.79691,51.07131227,3.730816972,0
,1/4/2024 3:05,46935.21046,41617.79278,156.4507015,3.19053306,0
Pandri Zone,1/4/2024 3:10,23293.56286,20788.40376,77.64520954,2.922737505,0
Tatibandh Zone,1/4/2024 3:15,33648.3779,29850.94251,112.1612597,2.783191042,0
Telibandha Zone,1/4/2024 3:20,49285.04525,48774.32497,164.2834842,2.515769837,0
,1/4/2024 3:25,37934.54029,35731.35804,126.4484676,2.876310208,0
Mahadev Ghat Zone,1/4/2024 3:30,17272.83266,16091.61733,57.57610886,3.89649793,0
Mowa Zone,1/4/2024 3:35,49589.21747,46196.88839,165.2973916,1.06649003,1
Tatibandh Zone,1/4/2024 3:40,47850.07745,44321.51872,159.5002582,3.171327783,0
Telibandha Zone,1/4/2024 3:45,58495.12977,50683.81382,194.9837659,2.954829676,0
Devendra Nagar Zone,1/4/2024 3:50,43134.72563,37018.40728,143.7824188,3.691273518,0
,1/4/2024 3:55,39189.30646,34071.68987,130.6310215,3.941119454,0
Shankar Nagar Zone,1/4/2024 4:00,24591.39537,24146.89424,81.9713179,3.623047718,0
Devendra Nagar Zone,1/4/2024 4:05,22612.28522,21858.37302,75.37428408,3.108467889,0
Mahadev Ghat Zone,1/4/2024 4:10,27224.88861,25853.82284,90.7496287,2.588575217,0
Amanaka Zone,1/4/2024 4:15,31693.81707,31085.34025,105.6460569,3.417012484,0
Tatibandh Zone,1/4/2024 4:20,36787.78645,31539.59585,122.6259548,3.672669739,0
Shankar Nagar Zone,1/4/2024 4:25,25097.23409,23687.95273,83.65744697,2.857434506,0
Devendra Nagar Zone,1/4/2024 4:30,35048.30165,32667.26536,116.8276722,3.266640732,0
Devendra Nagar Zone,1/4/2024 4:35,25986.64022,24264.89407,86.62213408,3.808779928,0
Shankar Nagar Zone,1/4/2024 4:40,35605.51328,35127.11572,118.6850443,2.638674276,0
Amanaka Zone,1/4/2024 4:45,26143.42394,22275.31054,87.14474646,3.93720718,0
Tatibandh Zone,1/4/2024 4:50,22228.51257,19964.66645,74.09504189,3.833518285,0
Gudhiyari Zone,1/4/2024 4:55,51978.85876,49087.4315,173.2628625,2.659617644,0
,1/4/2024 5:00,23651.60633,22265.05298,78.83868777,2.981100373,0
,1/4/2024 5:05,43846.11859,43323.05216,146.1537286,3.283745213,0
Amanaka Zone,1/4/2024 5:10,18986.02528,17327.91273,63.28675095,3.410986625,0
,1/4/2024 5:15,32793.82216,29615.86866,109.3127405,2.917401491,0
Amanaka Zone,1/4/2024 5:20,45471.5235,42085.72736,151.571745,3.9067387,0
Pandri Zone,1/4/2024 5:25,39516.04884,35627.17169,131.7201628,3.430352273,0
Gudhiyari Zone,1/4/2024 5:30,47508.5123,42142.66395,158.3617077,3.640492332,0
Gudhiyari Zone,1/4/2024 5:35,57959.98606,51973.40793,193.1999535,3.964684794,0
Gudhiyari Zone,1/4/2024 5:40,27050.66135,25586.3405,90.16887118,3.037992045,0
Gudhiyari Zone,1/4/2024 5:45,29077.53889,25384.67134,96.92512963,3.530851515,0
Shankar Nagar Zone,1/4/2024 5:50,22921.11398,21811.45141,76.40371326,2.838759448,0
Amanaka Zone,1/4/2024 5:55,35084.6862,34533.99899,116.948954,2.940875141,0
Tatibandh Zone,1/4/2024 6:00,40604.24374,38532.22979,135.3474791,2.656623054,0
Gudhiyari Zone,1/4/2024 6:05,27359.96414,25161.92936,91.19988047,3.352402924,0
Devendra Nagar Zone,1/4/2024 6:10,39609.65282,33779.51279,132.0321761,2.761235039,0
Devendra Nagar Zone,1/4/2024 6:15,56834.23235,54598.3413,189.4474412,2.944667332,0
Tatibandh Zone,1/4/2024 6:20,28407.97191,26424.1039,94.6932397,3.330969231,0
Gudhiyari Zone,1/4/2024 6:25,55488.43853,49586.67032,184.9614618,2.952700084,0
Mahadev Ghat Zone,1/4/2024 6:30,44088.33189,38544.92888,146.9611063,3.366030102,0
Gudhiyari Zone,1/4/2024 6:35,53978.2669,46778.01169,179.9275563,2.627902512,0
Telibandha Zone,1/4/2024 6:40,19644.7492,17507.93266,65.48249733,2.83049109,0
Tatibandh Zone,1/4/2024 6:45,55979.92479,48030.40185,186.5997493,2.900716105,0
,1/4/2024 6:50,24893.78804,23465.93031,82.97929346,3.432278086,0
Mowa Zone,1/4/2024 6:55,42466.92269,36454.89151,141.556409,3.914474176,0
Tatibandh Zone,1/4/2024 7:00,53619.30559,52638.04038,178.7310186,3.898522212,0
Mahadev Ghat Zone,1/4/2024 7:05,56880.2515,49062.44368,189.6008383,2.918695706,0
Mowa Zone,1/4/2024 7:10,30650.20814,26781.86825,102.1673605,3.111843906,0
Pandri Zone,1/4/2024 7:15,39263.59858,38735.01265,130.8786619,3.271340517,0
Shankar Nagar Zone,1/4/2024 7:20,31303.20705,28132.48524,104.3440235,2.55992196,0
Mowa Zone,1/4/2024 7:25,35862.99335,35365.88905,119.5433112,3.787495648,0
Shankar Nagar Zone,1/4/2024 7:30,17972.48885,16706.63114,59.90829617,3.287977397,0
,1/4/2024 7:35,44800.44712,44255.37778,149.3348237,3.523767595,0
Pandri Zone,1/4/2024 7:40,21286.15677,19573.5816,70.95385589,2.517876974,0
Mowa Zone,1/4/2024 7:45,48157.19051,44326.91135,160.5239684,3.804028451,0
Tatibandh Zone,1/4/2024 7:50,25943.09911,22948.15787,86.47699704,3.815680701,0
Amanaka Zone,1/4/2024 7:55,16124.2837,14018.36963,53.74761234,3.44657409,0
Telibandha Zone,1/4/2024 8:00,39591.43625,36782.81755,131.9714542,3.013592685,0
Shankar Nagar Zone,1/4/2024 8:05,23291.18932,20713.46655,77.63729774,2.7823483,0
Gudhiyari Zone,1/4/2024 8:10,40774.66245,40037.46618,135.9155415,2.573506967,0
Mahadev Ghat Zone,1/4/2024 8:15,34833.25685,30062.08645,116.1108562,3.949838378,0
Mowa Zone,1/4/2024 8:20,46023.77102,45187.11825,153.4125701,3.839670612,0
Tatibandh Zone,1/4/2024 8:25,58322.96627,53189.26052,194.4098876,3.78790016,0
Amanaka Zone,1/4/2024 8:30,29504.6171,25914.22998,98.34872367,3.403384454,0
Telibandha Zone,1/4/2024 8:35,48638.42865,45393.10265,162.1280955,2.584320858,0
Pandri Zone,1/4/2024 8:40,16485.53712,15571.68217,54.95179039,3.147984057,0
Devendra Nagar Zone,1/4/2024 8:45,25592.24679,23166.44848,85.30748928,2.763835425,0
,1/4/2024 8:50,37527.87896,36850.25828,125.0929299,3.638465248,0
Gudhiyari Zone,1/4/2024 8:55,40826.81113,36546.64732,136.0893704,3.842614839,0
Shankar Nagar Zone,1/4/2024 9:00,33246.22543,32022.17348,110.8207514,3.171957485,0
,1/4/2024 9:05,52486.54188,44938.00239,174.9551396,2.583167854,0
Pandri Zone,1/4/2024 9:10,44545.32161,38943.01297,148.4844054,2.655212595,0
Telibandha Zone,1/4/2024 9:15,23560.25689,22106.61871,78.53418962,3.525962695,0
Gudhiyari Zone,1/4/2024 9:20,40856.19889,39698.45883,136.1873296,3.003523601,0
Amanaka Zone,1/4/2024 9:25,43954.30273,41539.65152,146.5143424,2.69548065,0
Shankar Nagar Zone,1/4/2024 9:30,22422.03121,19889.94209,74.74010403,2.855274206,0
Shankar Nagar Zone,1/4/2024 9:35,43293.03068,39085.40009,144.3101023,3.524006729,0
Amanaka Zone,1/4/2024 9:40,59623.09543,54141.88401,198.7436514,3.748586563,0
Pandri Zone,1/4/2024 9:45,45900.53753,42281.02495,153.0017918,3.978401101,0
Amanaka Zone,1/4/2024 9:50,51769.81946,50588.89936,172.5660649,3.785645409,0
Amanaka Zone,1/4/2024 9:55,19425.52147,17384.86456,64.75173824,3.360147738,0
,1/4/2024 10:00,26377.68303,25024.1157,87.9256101,3.606147162,0
Telibandha Zone,1/4/2024 10:05,26571.8558,26225.64968,88.57285267,3.581581991,0
Telibandha Zone,1/4/2024 10:10,19300.15968,18297.85604,64.33386559,3.186615726,0
Telibandha Zone,1/4/2024 10:15,19835.27487,18361.03892,66.11758289,3.394065393,0
,1/4/2024 10:20,51247.32207,43734.11524,170.8244069,2.510564372,0
Shankar Nagar Zone,1/4/2024 10:25,37629.3984,33500.81308,125.431328,3.873721522,0
Tatibandh Zone,1/4/2024 10:30,48045.75159,44685.96224,160.1525053,2.592643579,0
,1/4/2024 10:35,21507.75891,19334.49363,71.6925297,1.916705497,1
Amanaka Zone,1/4/2024 10:40,27666.47861,24785.74251,92.22159537,3.731273514,0
Telibandha Zone,1/4/2024 10:45,28765.2666,24783.74707,95.88422199,2.865562318,0
Mahadev Ghat Zone,1/4/2024 10:50,31254.72265,29235.81745,104.1824088,2.760945559,0
Devendra Nagar Zone,1/4/2024 10:55,16548.14438,15729.80715,55.16048127,2.949811403,0
,1/4/2024 11:00,51612.3966,49442.5132,172.041322,3.836532524,0
Telibandha Zone,1/4/2024 11:05,19210.17331,17467.51747,64.03391104,2.716468066,0
Telibandha Zone,1/4/2024 11:10,22774.05403,19884.28942,75.91351344,3.017896828,0
Amanaka Zone,1/4/2024 11:15,53870.53303,47588.4001,179.5684434,3.7773721,0
